query,result,score
0047|0015|0017,0046|0021|0016,0.8998709961768108
0046|0021|0016,0047|0015|0017,0.8998709961768108
0092|0033|0015,0090|0109|0001,0.8998346919927309
0090|0109|0001,0092|0033|0015,0.8998346919927309
0087|0018|0029,0089|0043|0017,0.8996617919498361
0089|0043|0017,0087|0018|0029,0.8996617919498361
0047|0031|0008,0046|0036|0008,0.8996480074924822
0046|0036|0008,0047|0031|0008,0.8996480074924822
0075|0035|0016,0087|0018|0016,0.8996480074924822
0087|0018|0016,0075|0035|0016,0.8996480074924822
0091|0035|0006,0076|0065|0007,0.8995456896321271
0076|0065|0007,0091|0035|0006,0.8995456896321271
0061|0013|0004,0062|0007|0008,0.8994194942402599
0062|0007|0008,0061|0013|0004,0.8994194942402599
0090|0112|0017,0092|0037|0003,0.8993612242163426
0046|0008|0003,0045|0008|0015,0.8992970681446912
0076|0069|0021,0091|0038|0014,0.8992970681446912
0096|0003|0009,0095|0003|0009,0.8992970681446912
0095|0003|0009,0096|0003|0009,0.8992970681446912
0091|0038|0014,0076|0069|0021,0.8992970681446912
0094|0003|0008,0095|0003|0009,0.8992970681446912
0090|0109|0007,0092|0033|0021,0.8992448406167848
0047|0022|0032,0045|0022|0015,0.8992448406167848
0064|0002|0015,0047|0022|0032,0.8992448406167848
0092|0033|0021,0090|0109|0007,0.8992448406167848
0047|0022|0032,0064|0002|0015,0.8992448406167848
0045|0022|0015,0047|0022|0032,0.8992448406167848
0093|0006|0003,0083|0034|0001,0.899232600475171
0092|0031|0021,0090|0107|0004,0.899160928885317
0090|0107|0004,0092|0031|0021,0.899160928885317
0091|0026|0009,0075|0042|0009,0.8989354241697113
0075|0042|0009,0091|0026|0009,0.8989354241697113
0076|0043|0009,0087|0027|0009,0.8989354241697113
0087|0027|0009,0076|0043|0009,0.8989354241697113
0076|0068|0049,0091|0034|0005,0.8987469377377263
0045|0008|0015,0046|0008|0003,0.8986483549480944
0095|0003|0009,0094|0003|0008,0.8986483549480944
0092|0031|0000,0090|0106|0016,0.8986483549480944
0096|0003|0009,0095|0003|0008,0.8986483549480944
0091|0016|0037,0087|0016|0042,0.8986483549480944
0090|0106|0016,0092|0031|0000,0.8986483549480944
0091|0034|0005,0076|0068|0049,0.8986483549480944
0092|0030|0019,0090|0106|0003,0.8986483549480944
0087|0016|0042,0091|0016|0037,0.8986483549480944
0090|0106|0003,0092|0030|0019,0.8986483549480944
0090|0108|0000,0092|0032|0007,0.8986483549480944
0095|0003|0008,0096|0003|0009,0.8986483549480944
0092|0032|0007,0090|0108|0000,0.8986483549480944
0063|0003|0014,0064|0003|0017,0.8985396083419646
0064|0003|0017,0063|0003|0014,0.8985396083419646
0063|0003|0014,0045|0023|0017,0.8985396083419646
0045|0023|0017,0063|0003|0014,0.8985396083419646
0077|0005|0000,0068|0332|0000,0.8984396568910549
0075|0034|0002,0076|0035|0002,0.8982709330397213
0076|0035|0002,0075|0034|0002,0.8982709330397213
0069|0035|0050,0068|0131|0007,0.8982566328615008
0068|0130|0014,0069|0040|0008,0.8982566328615008
0069|0040|0008,0068|0130|0014,0.8982566328615008
0075|0013|0007,0076|0015|0008,0.8982204495367683
0090|0107|0049,0092|0032|0045,0.8982119572338051
0092|0032|0045,0090|0107|0049,0.8982119572338051
0047|0005|0014,0046|0005|0001,0.8981503502402635
0046|0005|0001,0047|0005|0014,0.8981503502402635
0092|0037|0003,0090|0112|0017,0.8981503502402635
0083|0034|0001,0093|0006|0003,0.8981503502402635
0068|0332|0000,0077|0005|0000,0.898000333150059
0083|0003|0017,0085|0003|0017,0.8978207684801853
0068|0322|0018,0069|0040|0006,0.897752847848028
0085|0003|0017,0083|0003|0017,0.897752847848028
0076|0015|0008,0075|0013|0007,0.897752847848028
0068|0322|0018,0069|0035|0006,0.897752847848028
0068|0131|0007,0069|0035|0050,0.897752847848028
0069|0040|0006,0068|0322|0018,0.897752847848028
0069|0030|0000,0068|0322|0020,0.897752847848028
0069|0035|0006,0068|0322|0018,0.897752847848028
0068|0322|0020,0069|0030|0000,0.897752847848028
0090|0105|0004,0092|0029|0023,0.8975702943025772
0092|0029|0023,0090|0105|0004,0.8975702943025772
0089|0043|0017,0091|0017|0030,0.897542644933385
0091|0017|0030,0089|0043|0017,0.897542644933385
0092|0025|0002,0090|0100|0033,0.897542644933385
0068|0397|0018,0069|0055|0004,0.8974761760453295
0048|0031|0017,0046|0035|0018,0.8974761760453295
0047|0028|0023,0046|0033|0019,0.8974616751168997
0046|0033|0019,0047|0028|0023,0.8974616751168997
0096|0011|0002,0094|0011|0002,0.8970476466876744
0094|0011|0002,0096|0011|0002,0.8970476466876744
0090|0020|0016,0092|0011|0014,0.896793829503198
0092|0011|0014,0090|0020|0016,0.896793829503198
0046|0035|0018,0048|0031|0017,0.8967769720010146
0069|0055|0004,0068|0397|0018,0.8967769720010146
0090|0100|0033,0092|0025|0002,0.8967769720010146
0094|0011|0004,0095|0014|0004,0.8966773400768917
0091|0035|0019,0076|0065|0023,0.8966773400768917
0095|0014|0004,0094|0011|0004,0.8966773400768917
0076|0065|0023,0091|0035|0019,0.8966773400768917
0063|0009|0007,0046|0034|0021,0.896657747227912
0046|0034|0021,0063|0009|0007,0.896657747227912
0046|0035|0020,0063|0005|0019,0.8966376838926321
0076|0060|0004,0091|0029|0003,0.8966376838926321
0087|0016|0049,0091|0016|0043,0.8966376838926321
0068|0361|0015,0067|0179|0015,0.8966376838926321
0091|0016|0043,0087|0016|0049,0.8966376838926321
0075|0042|0006,0087|0027|0005,0.8964173245779284
0047|0024|0007,0048|0029|0028,0.8964173245779284
0048|0029|0028,0047|0024|0007,0.8964173245779284
0076|0043|0006,0091|0026|0005,0.8964173245779284
0091|0026|0005,0076|0043|0006,0.8964173245779284
0087|0027|0005,0075|0042|0006,0.8964173245779284
0062|0007|0008,0061|0012|0001,0.8963255530218961
0061|0012|0001,0062|0007|0008,0.8963255530218961
0092|0024|0015,0090|0100|0006,0.8960110606154549
0063|0005|0019,0046|0035|0020,0.8960110606154549
0048|0036|0006,0047|0030|0015,0.8960110606154549
0076|0069|0017,0091|0038|0009,0.8960110606154549
0091|0038|0009,0076|0069|0017,0.8960110606154549
0090|0023|0015,0092|0014|0022,0.8960110606154549
0090|0100|0006,0092|0024|0015,0.8960110606154549
0047|0030|0015,0048|0036|0006,0.8960110606154549
0092|0014|0022,0090|0023|0015,0.8960110606154549
0091|0029|0003,0076|0060|0004,0.8960110606154549
0067|0179|0015,0068|0361|0015,0.8960110606154549
0090|0099|0009,0092|0023|0019,0.8958595874416149
0087|0007|0009,0091|0007|0023,0.8958595874416149
0092|0023|0019,0090|0099|0009,0.8958595874416149
0067|0149|0020,0077|0005|0031,0.8957567894376306
0077|0005|0031,0067|0149|0020,0.8957567894376306
0068|0068|0002,0069|0037|0004,0.8957362987619142
0068|0350|0020,0067|0168|0019,0.8953711787948615
0046|0029|0003,0063|0003|0019,0.8953711787948615
0046|0029|0004,0048|0029|0020,0.8953711787948615
0069|0029|0042,0068|0322|0008,0.8953711787948615
0092|0027|0001,0090|0102|0023,0.8953711787948615
0090|0102|0023,0092|0027|0001,0.8953711787948615
0048|0029|0020,0046|0029|0004,0.8953711787948615
0063|0003|0019,0046|0029|0003,0.8953711787948615
0091|0007|0023,0087|0007|0009,0.8953711787948615
0067|0168|0019,0068|0350|0020,0.8953711787948615
0068|0322|0008,0069|0029|0042,0.8953711787948615
0094|0007|0009,0096|0007|0016,0.8953132021812428
0096|0007|0016,0094|0007|0009,0.8953132021812428
0069|0037|0004,0068|0068|0002,0.8952905649579331
0067|0179|0007,0068|0361|0007,0.8951127300181728
0075|0059|0014,0087|0030|0014,0.8950608647576735
0087|0030|0014,0075|0059|0014,0.8950608647576735
0091|0033|0009,0076|0068|0004,0.8948393168143697
0076|0068|0004,0091|0033|0009,0.8948393168143697
0076|0040|0001,0091|0022|0001,0.8948358645279881
0091|0022|0001,0076|0040|0001,0.8948358645279881
0069|0029|0023,0068|0129|0016,0.8947757500270732
0068|0129|0016,0069|0029|0023,0.8947757500270732
0047|0024|0006,0045|0023|0031,0.8947595729117078
0045|0023|0031,0047|0024|0006,0.8947595729117078
0047|0024|0006,0064|0003|0031,0.8947595729117078
0064|0003|0031,0047|0024|0006,0.8947595729117078
0047|0015|0015,0045|0017|0014,0.8947303047236203
0092|0015|0022,0090|0024|0014,0.8947212700252117
0090|0024|0014,0092|0015|0022,0.8947212700252117
0068|0361|0007,0067|0179|0007,0.8946750330953485
0069|0043|0019,0068|0388|0017,0.8946750330953485
0068|0388|0018,0069|0043|0018,0.8946750330953485
0069|0033|0022,0068|0139|0019,0.8946750330953485
0087|0003|0015,0091|0003|0015,0.8946750330953485
0045|0017|0014,0047|0015|0015,0.8946750330953485
0069|0043|0018,0068|0388|0018,0.8946750330953485
0091|0003|0015,0087|0003|0015,0.8946750330953485
0068|0388|0017,0069|0043|0019,0.8946750330953485
0068|0139|0019,0069|0033|0022,0.8946750330953485
0046|0027|0021,0047|0022|0017,0.8945648481322716
0047|0022|0017,0046|0027|0021,0.8945648481322716
0048|0034|0023,0045|0028|0002,0.8944411154911319
0045|0028|0002,0048|0034|0023,0.8944411154911319
0048|0034|0023,0064|0008|0002,0.8944411154911319
0064|0008|0002,0048|0034|0023,0.8944411154911319
0076|0019|0009,0075|0017|0018,0.8938917957595874
0093|0005|0017,0083|0033|0016,0.8938917957595874
0076|0064|0005,0091|0037|0005,0.8938917957595874
0093|0005|0016,0083|0033|0017,0.8938917957595874
0075|0017|0018,0076|0019|0009,0.8938917957595874
0083|0033|0017,0093|0005|0016,0.8938917957595874
0083|0033|0016,0093|0005|0017,0.8938917957595874
0091|0037|0005,0076|0064|0005,0.8938917957595874
0090|0100|0007,0092|0011|0000,0.8938510701271204
0064|0009|0015,0048|0036|0003,0.8938510701271204
0048|0036|0003,0064|0009|0015,0.8938510701271204
0045|0029|0015,0048|0036|0003,0.8938510701271204
0092|0011|0000,0090|0100|0007,0.8938510701271204
0048|0036|0003,0045|0029|0015,0.8938510701271204
0092|0014|0029,0090|0023|0023,0.8935248372106969
0090|0023|0023,0092|0014|0029,0.8935248372106969
0092|0034|0020,0090|0110|0002,0.8934277386058468
0090|0110|0002,0092|0034|0020,0.8934277386058468
0068|0362|0031,0067|0180|0028,0.8934120666090809
0067|0180|0028,0068|0362|0031,0.8934120666090809
0083|0033|0018,0093|0010|0023,0.8932326983013691
0045|0025|0009,0047|0030|0019,0.8932326983013691
0047|0030|0019,0045|0025|0009,0.8932326983013691
0048|0031|0018,0047|0030|0021,0.8932326983013691
0048|0031|0016,0064|0005|0009,0.8932326983013691
0048|0031|0016,0045|0025|0009,0.8932326983013691
0064|0005|0009,0047|0030|0019,0.8932326983013691
0064|0005|0009,0048|0031|0016,0.8932326983013691
0047|0030|0021,0048|0031|0018,0.8932326983013691
0045|0025|0009,0048|0031|0016,0.8932326983013691
0047|0030|0019,0064|0005|0009,0.8932326983013691
0093|0010|0023,0083|0033|0018,0.8932326983013691
0090|0024|0019,0092|0015|0028,0.8931851444408287
0092|0015|0028,0090|0024|0019,0.8931851444408287
0061|0013|0005,0062|0008|0000,0.893060196191546
0062|0008|0000,0061|0013|0005,0.893060196191546
0068|0363|0000,0067|0176|0032,0.8928756684056034
0092|0010|0001,0090|0019|0001,0.8928756684056034
0067|0176|0032,0068|0363|0000,0.8928756684056034
0090|0019|0001,0092|0010|0001,0.8928756684056034
0068|0388|0004,0069|0043|0004,0.8928636867815004
0068|0354|0000,0067|0172|0000,0.8927260262004474
0087|0028|0001,0076|0044|0001,0.8927030299861126
0087|0028|0001,0075|0043|0001,0.8927030299861126
0091|0027|0001,0075|0043|0001,0.8927030299861126
0091|0027|0001,0076|0044|0001,0.8927030299861126
0062|0008|0002,0061|0012|0000,0.8924628772789455
0061|0012|0000,0062|0008|0002,0.8924628772789455
0069|0043|0004,0068|0388|0004,0.8924071440504221
0075|0043|0001,0087|0028|0001,0.8923575006167597
0076|0044|0001,0091|0027|0001,0.8923575006167597
0067|0172|0000,0068|0354|0000,0.8923575006167597
0075|0043|0001,0091|0027|0001,0.8923575006167597
0076|0044|0001,0087|0028|0001,0.8923575006167597
0068|0322|0035,0069|0035|0023,0.8915333381897298
0068|0040|0006,0069|0029|0037,0.8915333381897298
0069|0035|0023,0068|0322|0035,0.8915333381897298
0069|0029|0037,0068|0040|0006,0.8915333381897298
0063|0010|0006,0047|0030|0016,0.8914494588000429
0047|0030|0016,0063|0010|0006,0.8914494588000429
0048|0029|0028,0064|0003|0031,0.8912493071910281
0064|0003|0031,0048|0029|0028,0.8912493071910281
0048|0029|0028,0045|0023|0031,0.8912493071910281
0045|0023|0031,0048|0029|0028,0.8912493071910281
0092|0012|0005,0090|0021|0002,0.8911167743784778
0090|0021|0002,0092|0012|0005,0.8911167743784778
0046|0037|0001,0063|0011|0033,0.8910617687473993
0076|0069|0042,0091|0034|0007,0.8910617687473993
0091|0034|0007,0076|0069|0042,0.8910617687473993
0063|0011|0033,0046|0037|0001,0.8910617687473993
0068|0379|0018,0067|0198|0028,0.8910529196381599
0067|0198|0028,0068|0379|0018,0.8910529196381599
0067|0198|0017,0068|0379|0018,0.8910529196381599
0096|0003|0014,0094|0003|0014,0.8909957798105038
0078|0007|0006,0081|0003|0004,0.8909957798105038
0081|0003|0004,0078|0007|0006,0.8909957798105038
0075|0035|0028,0076|0038|0014,0.8909957798105038
0085|0003|0018,0088|0003|0017,0.8909807155888628
0045|0017|0016,0046|0021|0017,0.8909807155888628
0075|0008|0017,0087|0007|0020,0.8909422351664414
0087|0007|0020,0075|0008|0017,0.8909422351664414
0076|0035|0016,0075|0034|0016,0.890792332658829
0076|0047|0002,0075|0046|0002,0.8907843652063694
0046|0031|0018,0047|0026|0016,0.8907171682201394
0047|0026|0016,0046|0031|0018,0.8907171682201394
0088|0016|0008,0071|0015|0008,0.8907171682201394
0071|0015|0008,0088|0016|0008,0.8907171682201394
0075|0046|0002,0076|0047|0002,0.890716976881968
0069|0044|0015,0068|0389|0023,0.8905643509432664
0088|0003|0017,0085|0003|0018,0.8904565073833011
0046|0021|0017,0045|0017|0016,0.8904565073833011
0091|0034|0037,0076|0065|0035,0.8904266937510968
0068|0389|0016,0069|0044|0008,0.8904071917791836
0069|0044|0008,0068|0389|0016,0.8904071917791836
0069|0033|0031,0068|0139|0028,0.8903812130721936
0068|0139|0028,0069|0033|0031,0.8903812130721936
0094|0003|0014,0096|0003|0014,0.8903016245010491
0086|0004|0023,0078|0007|0005,0.8903016245010491
0086|0004|0023,0081|0003|0003,0.8903016245010491
0047|0030|0019,0063|0005|0018,0.8903016245010491
0081|0003|0003,0086|0004|0023,0.8903016245010491
0076|0065|0035,0091|0034|0037,0.8903016245010491
0078|0007|0005,0086|0004|0023,0.8903016245010491
0063|0005|0018,0047|0030|0019,0.8903016245010491
0076|0038|0014,0075|0035|0028,0.8903016245010491
0075|0036|0022,0076|0038|0014,0.8903016245010491
0076|0038|0014,0075|0036|0022,0.8903016245010491
0047|0025|0034,0048|0031|0014,0.8902579342581529
0063|0002|0008,0064|0002|0016,0.8902579342581529
0063|0002|0008,0045|0022|0016,0.8902579342581529
0076|0056|0004,0075|0055|0004,0.8902579342581529
0048|0031|0014,0047|0025|0034,0.8902579342581529
0045|0022|0016,0063|0002|0008,0.8902579342581529
0064|0002|0016,0063|0002|0008,0.8902579342581529
0075|0034|0016,0076|0035|0016,0.8902579342581529
0075|0055|0004,0076|0056|0004,0.8902579342581529
0067|0170|0003,0068|0352|0003,0.8902056737869248
0068|0389|0023,0069|0044|0015,0.8902056737869248
0068|0352|0003,0067|0170|0003,0.8902056737869248
0092|0036|0007,0090|0111|0020,0.8901732118131125
0068|0379|0018,0067|0198|0017,0.8901732118131125
0092|0035|0020,0090|0111|0004,0.8901732118131125
0095|0014|0002,0096|0011|0002,0.8901732118131125
0096|0011|0002,0095|0014|0002,0.8901732118131125
0090|0111|0004,0092|0035|0020,0.8901732118131125
0090|0111|0020,0092|0036|0007,0.8901732118131125
0068|0138|0001,0069|0027|0000,0.8895136035074696
0069|0027|0000,0068|0138|0001,0.8891693086365811
0076|0065|0004,0091|0037|0049,0.8886223118966975
0091|0037|0049,0076|0065|0004,0.8886223118966975
0067|0204|0001,0068|0385|0007,0.8885992490682202
0068|0385|0007,0067|0204|0001,0.8885992490682202
0068|0357|0000,0067|0175|0000,0.8883385038753879
0069|0044|0028,0068|0390|0000,0.8883385038753879
0092|0036|0016,0090|0111|0028,0.8882952016958282
0047|0028|0029,0046|0035|0016,0.888116369607017
0067|0201|0023,0068|0383|0000,0.888116369607017
0068|0383|0000,0067|0201|0023,0.888116369607017
0063|0012|0016,0047|0032|0020,0.8880919952616609
0047|0032|0020,0063|0012|0016,0.8880919952616609
0068|0356|0018,0067|0174|0018,0.8880686058461107
0077|0005|0044,0068|0332|0034,0.8880663941924201
0068|0332|0034,0077|0005|0044,0.8880663941924201
0090|0003|0005,0084|0003|0005,0.8880663941924201
0084|0003|0005,0090|0003|0005,0.8880663941924201
0068|0390|0000,0069|0044|0028,0.8879659171421962
0067|0175|0000,0068|0357|0000,0.8879659171421962
0076|0069|0018,0091|0034|0031,0.8879369536241649
0091|0034|0031,0076|0069|0018,0.8879369536241649
0048|0034|0028,0064|0008|0007,0.8875087479151215
0063|0005|0014,0064|0005|0006,0.8875087479151215
0063|0005|0014,0045|0025|0006,0.8875087479151215
0064|0008|0007,0048|0034|0028,0.8875087479151215
0048|0034|0028,0045|0028|0007,0.8875087479151215
0045|0025|0006,0063|0005|0014,0.8875087479151215
0064|0005|0006,0063|0005|0014,0.8875087479151215
0045|0028|0007,0048|0034|0028,0.8875087479151215
0067|0176|0017,0068|0358|0016,0.8875087479151215
0067|0174|0018,0068|0356|0018,0.8875087479151215
0046|0035|0016,0047|0028|0029,0.8875087479151215
0064|0009|0018,0046|0035|0015,0.8875087479151215
0068|0358|0016,0067|0176|0017,0.8875087479151215
0045|0029|0018,0046|0035|0015,0.8875087479151215
0046|0035|0015,0064|0009|0018,0.8875087479151215
0046|0035|0015,0045|0029|0018,0.8875087479151215
0090|0023|0001,0092|0014|0007,0.887471344215533
0092|0014|0007,0090|0023|0001,0.887471344215533
0069|0034|0028,0068|0129|0018,0.8874708471648363
0090|0111|0028,0092|0036|0016,0.8874708471648363
0068|0129|0018,0069|0034|0028,0.8874708471648363
0076|0069|0019,0091|0034|0032,0.8873408657951468
0067|0172|0028,0068|0354|0030,0.8873408657951468
0091|0034|0032,0076|0069|0019,0.8873408657951468
0068|0354|0030,0067|0172|0028,0.8872048762845193
0068|0130|0029,0069|0040|0022,0.8872048762845193
0069|0040|0022,0068|0130|0029,0.8872048762845193
0046|0037|0002,0048|0037|0034,0.8872048762845193
0048|0037|0034,0046|0037|0002,0.8872048762845193
0061|0013|0006,0062|0006|0009,0.8871902497661734
0062|0006|0009,0061|0013|0006,0.8871902497661734
0069|0040|0042,0068|0323|0004,0.8866029039778043
0068|0323|0004,0069|0040|0042,0.8866029039778043
0047|0020|0006,0046|0025|0008,0.8865773946743905
0046|0025|0008,0047|0020|0006,0.8865773946743905
0087|0023|0001,0076|0040|0001,0.8860559068382852
0076|0040|0001,0087|0023|0001,0.8860559068382852
0067|0172|0015,0068|0354|0017,0.8860104113795938
0083|0003|0018,0088|0003|0018,0.885937263048108
0064|0002|0016,0048|0028|0008,0.8857294999458325
0048|0028|0008,0045|0022|0016,0.8857294999458325
0048|0028|0008,0064|0002|0016,0.8857294999458325
0045|0022|0016,0048|0028|0008,0.8857294999458325
0068|0369|0006,0067|0188|0007,0.8857294999458325
0068|0039|0001,0069|0029|0001,0.8856971740795009
0069|0029|0001,0068|0039|0001,0.8856971740795009
0047|0030|0017,0045|0029|0018,0.8856853025762195
0047|0030|0017,0064|0009|0018,0.8856853025762195
0068|0354|0017,0067|0172|0015,0.8856590665759451
0069|0047|0014,0068|0392|0009,0.8854974969669097
0068|0392|0009,0069|0047|0014,0.8854974969669097
0088|0003|0018,0083|0003|0018,0.8854760558238317
0046|0005|0028,0045|0005|0014,0.8852565100360946
0046|0037|0008,0047|0032|0003,0.8852565100360946
0047|0032|0003,0046|0037|0008,0.8852565100360946
0063|0008|0017,0046|0033|0028,0.8852050979268816
0092|0010|0008,0090|0099|0017,0.8852050979268816
0063|0008|0014,0047|0028|0028,0.8852050979268816
0046|0033|0028,0063|0008|0017,0.8852050979268816
0067|0205|0000,0068|0386|0009,0.8852050979268816
0090|0099|0017,0092|0010|0008,0.8852050979268816
0089|0044|0001,0075|0055|0001,0.8852050979268816
0068|0386|0009,0067|0205|0000,0.8852050979268816
0068|0397|0032,0069|0055|0019,0.8851672168942138
0069|0055|0019,0068|0397|0032,0.8851672168942138
0045|0029|0018,0047|0030|0017,0.8851539679521481
0067|0167|0018,0068|0349|0015,0.8851539679521481
0064|0009|0018,0047|0030|0017,0.8851539679521481
0068|0349|0015,0067|0167|0018,0.8851539679521481
0067|0188|0007,0068|0369|0006,0.8851539679521481
0048|0029|0020,0045|0023|0022,0.8849765148111873
0048|0029|0020,0064|0003|0022,0.8849765148111873
0090|0029|0015,0074|0008|0021,0.8849765148111873
0074|0008|0021,0090|0029|0015,0.8849765148111873
0045|0023|0022,0048|0029|0020,0.8849765148111873
0064|0003|0022,0048|0029|0020,0.8849765148111873
0046|0028|0004,0045|0022|0021,0.8848572554646745
0045|0022|0021,0046|0028|0004,0.8848572554646745
0046|0028|0004,0064|0002|0021,0.8848572554646745
0064|0002|0021,0046|0028|0004,0.8848572554646745
0069|0041|0005,0068|0323|0023,0.8847064105457827
0068|0323|0023,0069|0041|0005,0.8847064105457827
0092|0028|0004,0090|0103|0032,0.8847011616665357
0090|0103|0032,0092|0028|0004,0.8847011616665357
0092|0028|0005,0090|0103|0031,0.8847011616665357
0090|0103|0031,0092|0028|0005,0.8847011616665357
0047|0028|0028,0063|0008|0014,0.884617925078158
0046|0035|0016,0063|0010|0008,0.884617925078158
0046|0035|0016,0050|0012|0021,0.884617925078158
0063|0012|0001,0047|0032|0005,0.884617925078158
0050|0012|0021,0046|0035|0016,0.884617925078158
0075|0055|0001,0089|0044|0001,0.884617925078158
0069|0037|0020,0068|0138|0018,0.884617925078158
0068|0138|0018,0069|0037|0020,0.884617925078158
0045|0005|0014,0046|0005|0028,0.884617925078158
0068|0386|0000,0067|0204|0034,0.884617925078158
0063|0010|0008,0046|0035|0016,0.884617925078158
0047|0032|0005,0063|0012|0001,0.884617925078158
0067|0204|0034,0068|0386|0000,0.884617925078158
0045|0022|0030,0063|0002|0022,0.8845940804793143
0064|0002|0030,0063|0002|0022,0.8845940804793143
0063|0002|0022,0064|0002|0030,0.8845940804793143
0063|0002|0022,0045|0022|0030,0.8845940804793143
0061|0012|0000,0062|0006|0008,0.8842180463584355
0062|0006|0008,0061|0012|0000,0.8842180463584355
0075|0043|0004,0076|0044|0005,0.8839597825441646
0069|0039|0028,0068|0129|0017,0.8839279786546367
0068|0129|0017,0069|0039|0028,0.8839279786546367
0075|0023|0014,0076|0025|0005,0.8839279786546367
0076|0025|0005,0075|0023|0014,0.8839279786546367
0068|0138|0001,0069|0037|0000,0.8838014085044981
0068|0138|0001,0069|0032|0000,0.8838014085044981
0069|0032|0000,0068|0138|0001,0.8838014085044981
0069|0037|0000,0068|0138|0001,0.8838014085044981
0068|0138|0000,0069|0037|0001,0.8838014085044981
0068|0138|0000,0069|0032|0001,0.8838014085044981
0069|0037|0001,0068|0138|0000,0.8838014085044981
0069|0032|0001,0068|0138|0000,0.8838014085044981
0087|0019|0001,0075|0036|0001,0.8837852011083908
0075|0036|0001,0087|0019|0001,0.8837852011083908
0069|0032|0001,0068|0068|0000,0.8837786421842354
0068|0368|0008,0067|0187|0008,0.8836321769234542
0076|0044|0005,0075|0043|0004,0.8835633417334707
0079|0002|0008,0078|0007|0001,0.8835103923790972
0078|0007|0001,0079|0002|0008,0.8835103923790972
0068|0068|0000,0069|0032|0001,0.8834365670857715
0075|0020|0014,0076|0022|0007,0.8832000938217648
0076|0022|0007,0075|0020|0014,0.8832000938217648
0067|0187|0008,0068|0368|0008,0.8832000938217648
0079|0001|0003,0086|0003|0006,0.882861754108607
0096|0007|0029,0094|0007|0022,0.8827916928185874
0094|0007|0022,0096|0007|0029,0.8827916928185874
0087|0019|0000,0075|0036|0000,0.8827916928185874
0075|0036|0000,0087|0019|0000,0.8827916928185874
0090|0023|0028,0092|0014|0033,0.8827705513305123
0092|0014|0033,0090|0023|0028,0.8827705513305123
0076|0015|0015,0075|0013|0014,0.8824947494370388
0069|0045|0003,0068|0390|0014,0.8824271769342049
0068|0390|0014,0069|0045|0003,0.8824271769342049
0086|0003|0006,0079|0001|0003,0.8823051786911775
0076|0064|0018,0091|0037|0018,0.8822659882934629
0091|0037|0018,0076|0064|0018,0.8822659882934629
0068|0352|0014,0067|0170|0014,0.8822659882934629
0085|0003|0009,0083|0003|0008,0.8822659882934629
0083|0003|0008,0085|0003|0009,0.8822659882934629
0067|0170|0014,0068|0352|0014,0.8822659882934629
0063|0011|0029,0047|0031|0033,0.8822461661218503
0047|0031|0033,0063|0011|0029,0.8822461661218503
0092|0023|0002,0090|0098|0016,0.8821907249971492
0047|0029|0007,0048|0034|0028,0.8821907249971492
0048|0034|0028,0047|0029|0007,0.8821907249971492
0069|0036|0003,0068|0131|0019,0.8821907249971492
0046|0022|0036,0047|0016|0036,0.8821907249971492
0068|0131|0019,0069|0036|0003,0.8821907249971492
0067|0187|0018,0068|0368|0018,0.8821907249971492
0075|0013|0014,0076|0015|0015,0.8819755339468199
0048|0038|0002,0047|0032|0006,0.8815741981066073
0091|0035|0005,0076|0069|0042,0.8815741981066073
0076|0069|0042,0091|0035|0005,0.8815741981066073
0068|0131|0003,0069|0041|0000,0.8815741981066073
0047|0032|0006,0048|0038|0002,0.8815741981066073
0069|0041|0000,0068|0131|0003,0.8815741981066073
0047|0016|0036,0046|0022|0036,0.8815741981066073
0090|0098|0016,0092|0023|0002,0.8815741981066073
0068|0368|0018,0067|0187|0018,0.8815741981066073
0063|0002|0015,0064|0002|0023,0.8813575924081597
0063|0002|0015,0045|0022|0023,0.8813575924081597
0064|0002|0023,0063|0002|0015,0.8813575924081597
0045|0022|0023,0063|0002|0015,0.8813575924081597
0047|0022|0028,0046|0027|0032,0.8812725544592782
0046|0027|0032,0047|0022|0028,0.8812725544592782
0083|0039|0022,0093|0011|0017,0.8812725544592782
0093|0011|0017,0083|0039|0022,0.8812725544592782
0067|0022|0018,0068|0329|0002,0.8810810498603576
0076|0028|0001,0091|0013|0036,0.8810810498603576
0068|0329|0002,0067|0022|0018,0.8810810498603576
0069|0049|0015,0068|0393|0015,0.8810810498603576
0091|0013|0036,0076|0028|0001,0.8810810498603576
0068|0393|0015,0069|0049|0015,0.8810810498603576
0068|0393|0014,0069|0049|0015,0.8806615362338783
0069|0049|0015,0068|0393|0014,0.8806615362338783
0093|0007|0029,0083|0039|0018,0.8806166765242387
0083|0039|0018,0093|0007|0029,0.8806166765242387
0046|0034|0014,0045|0028|0018,0.8804547170760293
0046|0028|0005,0063|0002|0014,0.8804547170760293
0064|0008|0018,0046|0034|0014,0.8804547170760293
0048|0028|0014,0046|0028|0005,0.8804547170760293
0063|0002|0014,0046|0028|0005,0.8804547170760293
0046|0034|0014,0064|0008|0018,0.8804547170760293
0046|0028|0005,0048|0028|0014,0.8804547170760293
0045|0028|0018,0046|0034|0014,0.8804547170760293
0068|0036|0003,0069|0028|0003,0.8801870751816799
0068|0036|0003,0069|0026|0003,0.8801870751816799
0069|0028|0003,0068|0036|0003,0.8801870751816799
0069|0026|0003,0068|0036|0003,0.8801870751816799
0085|0003|0017,0084|0003|0018,0.8799963217093022
0090|0107|0014,0092|0031|0029,0.8799524104218367
0045|0023|0015,0047|0023|0029,0.8798988959368486
0064|0003|0015,0047|0023|0029,0.8798988959368486
0067|0173|0000,0068|0355|0000,0.8794749107566259
0068|0355|0000,0067|0173|0000,0.8794749107566259
0084|0003|0018,0085|0003|0017,0.8794245150375142
0092|0031|0029,0090|0107|0014,0.8794245150375142
0076|0066|0000,0091|0038|0034,0.8793112779588971
0091|0038|0034,0076|0066|0000,0.8793112779588971
0075|0030|0023,0076|0032|0028,0.8791116082044841
0068|0139|0004,0069|0028|0008,0.8791116082044841
0069|0026|0008,0068|0139|0004,0.8791116082044841
0068|0139|0004,0069|0026|0008,0.8791116082044841
0076|0032|0028,0075|0030|0023,0.8791116082044841
0069|0028|0008,0068|0139|0004,0.8791116082044841
0087|0019|0001,0076|0037|0001,0.8787142254774354
0047|0023|0029,0045|0023|0015,0.8787142254774354
0047|0023|0029,0064|0003|0015,0.8787142254774354
0076|0037|0001,0087|0019|0001,0.8787142254774354
0068|0363|0002,0067|0091|0022,0.8785013598506871
0067|0091|0022,0068|0363|0002,0.8785013598506871
0067|0179|0006,0068|0357|0007,0.8784801441803591
0076|0066|0018,0091|0034|0022,0.8783650674919876
0063|0005|0019,0045|0029|0022,0.8783650674919876
0064|0009|0022,0063|0005|0019,0.8783650674919876
0063|0005|0019,0064|0009|0022,0.8783650674919876
0046|0035|0014,0048|0036|0005,0.8783650674919876
0048|0036|0005,0046|0035|0014,0.8783650674919876
0091|0034|0022,0076|0066|0018,0.8783650674919876
0045|0029|0022,0063|0005|0019,0.8783650674919876
0067|0149|0021,0068|0332|0021,0.8780099567239787
0068|0332|0021,0067|0149|0021,0.8780099567239787
0068|0357|0007,0067|0179|0006,0.8780099567239787
0068|0069|0028,0069|0033|0032,0.8777311888461752
0069|0033|0032,0068|0069|0028,0.8777311888461752
0068|0359|0007,0067|0177|0005,0.8772882383816951
0067|0177|0005,0068|0359|0007,0.8772882383816951
0090|0098|0000,0092|0022|0000,0.8771777744084616
0048|0034|0014,0047|0028|0028,0.8770424063938883
0090|0020|0031,0092|0011|0031,0.8770424063938883
0092|0022|0000,0090|0098|0000,0.876868014095324
0092|0027|0019,0090|0103|0007,0.8768287135628496
0090|0103|0007,0092|0027|0019,0.8768287135628496
0087|0019|0003,0091|0021|0004,0.8767668675846485
0091|0014|0002,0087|0014|0001,0.8767668675846485
0063|0008|0022,0045|0028|0001,0.8767668675846485
0048|0028|0014,0045|0022|0022,0.8767668675846485
0048|0028|0014,0064|0002|0022,0.8767668675846485
0047|0029|0001,0063|0008|0022,0.8767668675846485
0063|0008|0022,0047|0029|0001,0.8767668675846485
0045|0022|0022,0048|0028|0014,0.8767668675846485
0087|0014|0002,0091|0014|0001,0.8767668675846485
0064|0002|0022,0048|0028|0014,0.8767668675846485
0087|0014|0001,0091|0014|0002,0.8767668675846485
0045|0028|0001,0063|0008|0022,0.8767668675846485
0064|0008|0001,0063|0008|0022,0.8767668675846485
0091|0014|0001,0087|0014|0002,0.8767668675846485
0063|0008|0022,0064|0008|0001,0.8767668675846485
0091|0021|0004,0087|0019|0003,0.8767668675846485
0064|0009|0018,0048|0031|0014,0.8766305224811096
0045|0029|0018,0048|0031|0014,0.8766305224811096
0048|0031|0014,0045|0029|0018,0.8766305224811096
0048|0031|0014,0064|0009|0018,0.8766305224811096
0048|0034|0015,0050|0012|0022,0.8765312852626027
0050|0012|0022,0048|0034|0015,0.8765312852626027
0067|0149|0035,0068|0332|0035,0.8764430460605992
0068|0332|0035,0067|0149|0035,0.8764430460605992
0047|0028|0028,0048|0034|0014,0.8764423611643729
0092|0011|0031,0090|0020|0031,0.8764423611643729
0091|0038|0037,0076|0065|0006,0.8764423611643729
0076|0065|0006,0091|0038|0037,0.8764423611643729
0067|0149|0033,0068|0332|0033,0.8762749505449731
0068|0332|0033,0067|0149|0033,0.8762749505449731
0046|0025|0019,0047|0020|0018,0.8761635128045514
0092|0013|0020,0090|0022|0014,0.876104619942412
0090|0022|0014,0092|0013|0020,0.876104619942412
0069|0030|0028,0068|0131|0007,0.8757287680884007
0068|0131|0007,0069|0030|0028,0.8757287680884007
0068|0329|0020,0067|0023|0002,0.8756934922248734
0067|0023|0002,0068|0329|0020,0.8756934922248734
0002|0008|0004,0012|0007|0001,0.8756588347329657
0012|0007|0001,0002|0008|0004,0.8756588347329657
0076|0050|0009,0075|0049|0007,0.8756588347329657
0067|0019|0007,0068|0331|0001,0.8756185700355589
0068|0331|0001,0067|0019|0007,0.8756185700355589
0047|0020|0018,0046|0025|0019,0.8753504167073402
0069|0044|0000,0068|0389|0008,0.8752376177722327
0068|0366|0004,0067|0184|0004,0.8752376177722327
0068|0389|0008,0069|0044|0000,0.8752376177722327
0067|0184|0004,0068|0366|0004,0.8752376177722327
0068|0393|0001,0069|0049|0003,0.8752197147700838
0076|0032|0023,0075|0030|0018,0.8751791197606331
0075|0030|0018,0076|0032|0023,0.8751791197606331
0068|0397|0000,0069|0054|0030,0.8749766281017177
0075|0049|0007,0076|0050|0009,0.8749766281017177
0069|0054|0030,0068|0397|0000,0.8749766281017177
0069|0049|0003,0068|0393|0001,0.874678895739835
0068|0332|0022,0077|0005|0033,0.8741876638491209
0077|0005|0033,0068|0332|0022,0.8741876638491209
0090|0108|0021,0092|0033|0001,0.8740364859475721
0092|0033|0001,0090|0108|0021,0.8740364859475721
0045|0029|0020,0063|0010|0009,0.8739392235523674
0064|0009|0020,0063|0010|0009,0.8739392235523674
0063|0010|0009,0064|0009|0020,0.8739392235523674
0063|0010|0009,0045|0029|0020,0.8739392235523674
0093|0009|0014,0083|0032|0014,0.8738653958059289
0087|0023|0003,0075|0039|0004,0.873763404954805
0047|0028|0028,0063|0010|0006,0.8733088023851866
0063|0010|0006,0047|0028|0028,0.8733088023851866
0046|0029|0007,0047|0024|0001,0.8732723879086496
0047|0024|0001,0046|0029|0007,0.8732723879086496
0048|0029|0023,0047|0024|0001,0.8732498928111443
0047|0024|0001,0048|0029|0023,0.8732498928111443
0063|0003|0023,0047|0024|0001,0.8729538710283872
0047|0024|0001,0063|0003|0023,0.8729538710283872
0047|0029|0003,0048|0034|0023,0.8728438749317711
0083|0032|0014,0093|0009|0014,0.8728438749317711
0068|0039|0023,0069|0034|0029,0.8728438749317711
0048|0034|0023,0047|0029|0003,0.8728438749317711
0069|0034|0029,0068|0039|0023,0.8728438749317711
0075|0039|0004,0087|0023|0003,0.8728438749317711
0046|0037|0014,0063|0012|0005,0.8727888909083839
0063|0012|0005,0046|0037|0014,0.8727888909083839
0076|0019|0008,0091|0011|0014,0.8725077048676818
0091|0011|0014,0076|0019|0008,0.8725077048676818
0068|0361|0005,0067|0175|0004,0.8723360571509826
0067|0175|0004,0068|0361|0005,0.8723360571509826
0068|0322|0033,0069|0040|0022,0.8722225271854934
0069|0040|0022,0068|0322|0033,0.8722225271854934
0046|0029|0014,0047|0024|0007,0.8721961796545519
0047|0024|0007,0046|0029|0014,0.8721961796545519
0092|0027|0029,0090|0103|0017,0.8721827599607718
0090|0103|0017,0092|0027|0029,0.8721827599607718
0069|0035|0014,0068|0130|0020,0.8721733560301588
0068|0130|0020,0069|0035|0014,0.8721733560301588
0090|0107|0031,0092|0032|0029,0.8721218539095749
0092|0032|0029,0090|0107|0031,0.8721218539095749
0092|0016|0001,0090|0024|0030,0.8721123954875634
0083|0035|0014,0093|0007|0020,0.8720892095953972
0093|0007|0020,0083|0035|0014,0.8720892095953972
0048|0029|0009,0046|0028|0031,0.8720290467146479
0046|0028|0031,0048|0029|0009,0.8720290467146479
0092|0034|0008,0090|0109|0028,0.871861501603402
0090|0109|0028,0092|0034|0008,0.871861501603402
0094|0011|0018,0096|0011|0018,0.87175718847472
0096|0011|0018,0094|0011|0018,0.87175718847472
0068|0036|0005,0069|0038|0001,0.8717514474323612
0069|0038|0001,0068|0036|0005,0.8717514474323612
0076|0018|0000,0075|0016|0009,0.871608593698939
0075|0016|0009,0076|0018|0000,0.871608593698939
0047|0027|0032,0064|0006|0030,0.8715906069718004
0064|0006|0030,0047|0027|0032,0.8715906069718004
0047|0027|0032,0045|0026|0030,0.8715906069718004
0045|0026|0030,0047|0027|0032,0.8715906069718004
0096|0006|0003,0095|0007|0014,0.8713933650206428
0046|0034|0015,0048|0035|0001,0.8713933650206428
0090|0103|0016,0092|0027|0029,0.8713933650206428
0095|0007|0014,0096|0006|0003,0.8713933650206428
0090|0024|0030,0092|0016|0001,0.8713933650206428
0092|0027|0029,0090|0103|0016,0.8713933650206428
0048|0035|0001,0046|0034|0015,0.8713933650206428
0068|0040|0023,0069|0030|0001,0.871321122661513
0069|0030|0001,0068|0040|0023,0.871321122661513
0069|0025|0014,0068|0037|0015,0.8706751494570112
0069|0025|0014,0068|0035|0015,0.8706751494570112
0046|0034|0006,0064|0008|0008,0.8706204354651699
0045|0028|0008,0046|0034|0006,0.8706204354651699
0046|0034|0006,0045|0028|0008,0.8706204354651699
0064|0008|0008,0046|0034|0006,0.8706204354651699
0090|0023|0008,0092|0014|0014,0.870283004423015
0092|0014|0014,0090|0023|0008,0.870283004423015
0091|0019|0016,0089|0043|0018,0.8702397637697912
0089|0043|0018,0091|0019|0016,0.8702397637697912
0046|0029|0014,0045|0023|0032,0.8700483212016024
0046|0029|0014,0064|0003|0032,0.8700483212016024
0045|0023|0032,0046|0029|0014,0.8700483212016024
0064|0003|0032,0046|0029|0014,0.8700483212016024
0048|0036|0006,0047|0028|0028,0.8700119945751104
0047|0028|0028,0048|0036|0006,0.8700119945751104
0046|0037|0009,0048|0038|0001,0.8700119945751104
0068|0035|0015,0069|0025|0014,0.8700119945751104
0048|0038|0001,0046|0037|0009,0.8700119945751104
0068|0037|0015,0069|0025|0014,0.8700119945751104
0045|0023|0031,0063|0003|0028,0.8697244314040241
0064|0003|0031,0063|0003|0028,0.8697244314040241
0063|0003|0028,0064|0003|0031,0.8697244314040241
0063|0003|0028,0045|0023|0031,0.8697244314040241
0046|0034|0016,0047|0029|0019,0.8696398662122882
0047|0029|0019,0046|0034|0016,0.8696398662122882
0091|0016|0018,0087|0016|0014,0.8689272948076251
0069|0027|0016,0068|0037|0016,0.8688159617406348
0069|0027|0016,0068|0035|0016,0.8688159617406348
0046|0027|0002,0047|0022|0003,0.8686624666729523
0047|0022|0003,0046|0027|0002,0.8686624666729523
0068|0036|0016,0069|0028|0016,0.8686337508250055
0068|0130|0009,0069|0040|0003,0.8684137364559117
0069|0040|0003,0068|0130|0009,0.8684137364559117
0068|0130|0009,0069|0035|0003,0.8684137364559117
0069|0035|0003,0068|0130|0009,0.8684137364559117
0087|0016|0014,0091|0016|0018,0.868379503979024
0069|0028|0016,0068|0036|0016,0.8682201637946764
0068|0035|0016,0069|0027|0016,0.8681753535655075
0068|0037|0016,0069|0027|0016,0.8681753535655075
0069|0035|0009,0068|0040|0023,0.8679103566271253
0068|0040|0023,0069|0035|0009,0.8679103566271253
0047|0029|0033,0046|0034|0030,0.8675979125638379
0046|0034|0030,0047|0029|0033,0.8675979125638379
0046|0037|0021,0047|0032|0016,0.8675979125638379
0047|0032|0016,0046|0037|0021,0.8675979125638379
0090|0107|0005,0092|0031|0020,0.867561858851747
0092|0031|0020,0090|0107|0005,0.867561858851747
0090|0109|0023,0092|0034|0004,0.866947247361575
0092|0034|0004,0090|0109|0023,0.866947247361575
0063|0003|0008,0046|0028|0031,0.8668778997501817
0046|0028|0031,0063|0003|0008,0.8668778997501817
0067|0189|0023,0068|0370|0029,0.8665388234744222
0087|0016|0031,0091|0016|0028,0.8665388234744222
0068|0370|0029,0067|0189|0023,0.8665388234744222
0091|0016|0028,0087|0016|0031,0.8665388234744222
0088|0007|0034,0089|0008|0022,0.8661087467812156
0069|0026|0005,0068|0069|0000,0.8661087467812156
0069|0028|0005,0068|0069|0000,0.8661087467812156
0068|0069|0000,0069|0026|0005,0.8661087467812156
0089|0008|0022,0088|0007|0034,0.8661087467812156
0068|0069|0000,0069|0028|0005,0.8661087467812156
0046|0033|0028,0048|0034|0017,0.8661072626070159
0048|0034|0017,0046|0033|0028,0.8661072626070159
0047|0027|0032,0046|0032|0029,0.8660419717290375
0046|0032|0029,0047|0027|0032,0.8660419717290375
0069|0039|0009,0068|0129|0000,0.8657137840960784
0068|0129|0000,0069|0039|0009,0.8657137840960784
0068|0358|0007,0067|0176|0007,0.8656812074303079
0067|0176|0007,0068|0358|0007,0.865250429557226
0068|0041|0020,0069|0030|0045,0.8649854570273712
0069|0030|0045,0068|0041|0020,0.8649854570273712
0076|0034|0000,0075|0033|0002,0.8648301180457963
0075|0033|0002,0076|0034|0000,0.8644818054200657
0047|0031|0007,0046|0036|0007,0.8643729226327674
0046|0036|0007,0047|0031|0007,0.8643729226327674
0046|0028|0014,0047|0023|0009,0.8640556699248954
0047|0023|0009,0046|0028|0014,0.8640556699248954
0093|0005|0014,0083|0038|0020,0.8637296220729895
0083|0038|0020,0093|0005|0014,0.8637296220729895
0083|0038|0037,0093|0010|0035,0.8636114564919141
0093|0010|0036,0083|0038|0036,0.8636114564919141
0083|0038|0036,0093|0010|0036,0.8636114564919141
0093|0010|0035,0083|0038|0037,0.8636114564919141
0068|0385|0028,0067|0204|0021,0.863302874421917
0067|0204|0021,0068|0385|0028,0.863302874421917
0046|0019|0006,0047|0013|0008,0.863302874421917
0047|0013|0008,0046|0019|0006,0.863302874421917
0087|0030|0001,0075|0059|0000,0.8632303511644458
0068|0130|0028,0069|0035|0023,0.8629959458036829
0069|0035|0023,0068|0130|0028,0.8629959458036829
0092|0036|0028,0090|0112|0006,0.8628747294739239
0090|0112|0006,0092|0036|0028,0.8628747294739239
0075|0035|0028,0076|0037|0023,0.8628747294739239
0076|0037|0023,0075|0035|0028,0.8628747294739239
0064|0008|0007,0063|0008|0029,0.8627586293513119
0063|0008|0029,0064|0008|0007,0.8627586293513119
0075|0022|0022,0076|0024|0019,0.8627586293513119
0045|0028|0007,0063|0008|0029,0.8627586293513119
0063|0008|0015,0048|0036|0008,0.8627586293513119
0063|0008|0029,0045|0028|0007,0.8627586293513119
0092|0032|0015,0090|0108|0009,0.8627586293513119
0067|0035|0004,0068|0329|0016,0.8627586293513119
0076|0024|0019,0075|0022|0022,0.8627586293513119
0048|0036|0008,0063|0008|0015,0.8627586293513119
0090|0108|0009,0092|0032|0015,0.8627586293513119
0068|0329|0016,0067|0035|0004,0.8627586293513119
0092|0006|0029,0090|0097|0017,0.8625922451718082
0090|0097|0017,0092|0006|0029,0.8625922451718082
0075|0059|0000,0087|0030|0001,0.862572866657237
0068|0356|0008,0067|0174|0008,0.8625042163712568
0067|0174|0008,0068|0356|0008,0.8621109017306224
0090|0095|0001,0092|0019|0000,0.8615890187526961
0068|0041|0009,0069|0030|0033,0.861082773213057
0069|0030|0033,0068|0041|0009,0.861082773213057
0092|0019|0000,0090|0095|0001,0.8610291728339028
0091|0034|0007,0076|0065|0008,0.860789505997226
0076|0065|0008,0091|0034|0007,0.860789505997226
0069|0041|0036,0068|0324|0007,0.8602302883775147
0068|0324|0007,0069|0041|0036,0.8602302883775147
0047|0025|0030,0046|0030|0033,0.8601391404758658
0067|0198|0028,0068|0379|0029,0.8601391404758658
0047|0042|0017,0045|0045|0021,0.8601391404758658
0045|0045|0021,0047|0042|0017,0.8601391404758658
0046|0030|0033,0047|0025|0030,0.8601391404758658
0076|0068|0009,0091|0033|0014,0.8598080536018031
0091|0033|0014,0076|0068|0009,0.8598080536018031
0068|0330|0000,0067|0023|0015,0.8595262265260847
0068|0379|0029,0067|0198|0028,0.8592899528284996
0068|0379|0029,0067|0198|0017,0.8592899528284996
0067|0198|0017,0068|0379|0029,0.8592899528284996
0083|0033|0008,0093|0010|0014,0.8592899528284996
0093|0010|0014,0083|0033|0008,0.8592899528284996
0069|0037|0020,0068|0068|0015,0.8592377270804451
0084|0003|0018,0088|0003|0016,0.8592377270804451
0088|0003|0016,0084|0003|0018,0.8592377270804451
0068|0068|0015,0069|0037|0020,0.8592377270804451
0094|0006|0001,0096|0006|0006,0.8592252737931629
0096|0006|0006,0094|0006|0001,0.8592252737931629
0067|0024|0021,0068|0331|0009,0.859208760150822
0091|0007|0028,0087|0007|0015,0.859208760150822
0067|0023|0015,0068|0330|0000,0.8591169759078797
0045|0016|0000,0048|0015|0033,0.8590888738245122
0048|0015|0033,0045|0016|0000,0.8590888738245122
0068|0331|0009,0067|0024|0021,0.8587176642699867
0087|0007|0015,0091|0007|0028,0.8587176642699867
0048|0037|0028,0047|0031|0032,0.8584922885264843
0047|0031|0032,0048|0037|0028,0.8584922885264843
0096|0008|0023,0094|0008|0015,0.8584455969459273
0094|0008|0015,0096|0008|0023,0.8584455969459273
0064|0009|0018,0047|0028|0029,0.8575831118026933
0045|0029|0018,0047|0028|0029,0.8575831118026933
0047|0028|0029,0064|0009|0018,0.8575831118026933
0047|0028|0029,0045|0029|0018,0.8575831118026933
0093|0011|0009,0083|0039|0016,0.8574694719523485
0083|0039|0016,0093|0011|0009,0.8574694719523485
0063|0003|0028,0047|0024|0005,0.8566095927040916
0047|0024|0005,0063|0003|0028,0.8566095927040916
0045|0014|0023,0048|0014|0021,0.8561938019102414
0048|0014|0021,0045|0014|0023,0.8561938019102414
0068|0350|0008,0067|0168|0007,0.8561291800126832
0050|0012|0022,0063|0008|0015,0.8561291800126832
0047|0029|0008,0046|0034|0006,0.8561291800126832
0046|0034|0006,0047|0029|0008,0.8561291800126832
0063|0008|0015,0050|0012|0022,0.8561291800126832
0090|0104|0007,0092|0028|0022,0.856050307445762
0092|0028|0022,0090|0104|0007,0.856050307445762
0045|0023|0009,0046|0028|0028,0.8557423956196076
0046|0028|0028,0045|0023|0009,0.8557423956196076
0046|0028|0028,0064|0003|0009,0.8557423956196076
0064|0003|0009,0046|0028|0028,0.8557423956196076
0083|0032|0030,0093|0009|0028,0.8556548390323476
0093|0009|0028,0083|0032|0030,0.8556548390323476
0068|0332|0004,0067|0149|0003,0.8555966647164528
0067|0149|0003,0068|0332|0004,0.8555966647164528
0069|0030|0034,0068|0323|0028,0.8555308664663046
0046|0010|0003,0045|0010|0001,0.8555308664663046
0046|0034|0006,0048|0034|0029,0.8555308664663046
0068|0323|0028,0069|0030|0034,0.8555308664663046
0067|0168|0007,0068|0350|0008,0.8555308664663046
0048|0034|0029,0046|0034|0006,0.8555308664663046
0045|0010|0001,0046|0010|0003,0.8555308664663046
0068|0040|0022,0069|0040|0008,0.8554759391270779
0069|0040|0008,0068|0040|0022,0.8554759391270779
0068|0332|0003,0067|0149|0002,0.8552226462861768
0067|0149|0002,0068|0332|0003,0.8552226462861768
0078|0007|0008,0079|0002|0015,0.8549644769692295
0079|0002|0015,0078|0007|0008,0.8549644769692295
0091|0036|0016,0076|0067|0021,0.8549070410026234
0076|0067|0021,0091|0036|0016,0.8549070410026234
0076|0070|0015,0091|0039|0005,0.8547305998833805
0091|0039|0005,0076|0070|0015,0.8547305998833805
0076|0009|0014,0091|0007|0015,0.8543474855325977
0091|0007|0015,0076|0009|0014,0.8543474855325977
0047|0023|0022,0046|0028|0028,0.8539396656235351
0046|0028|0028,0047|0023|0022,0.8539396656235351
0068|0035|0001,0069|0025|0001,0.8537956799416823
0068|0383|0004,0067|0202|0009,0.853660842463163
0067|0202|0009,0068|0383|0004,0.853660842463163
0069|0025|0001,0068|0035|0001,0.8534652100396689
0073|0001|0000,0072|0001|0000,0.8530916787014361
0072|0001|0000,0073|0001|0000,0.8530916787014361
0068|0039|0021,0069|0039|0028,0.8529987544592307
0069|0039|0028,0068|0039|0021,0.8529987544592307
0068|0038|0002,0069|0026|0007,0.8524046307652541
0069|0026|0007,0068|0038|0002,0.8524046307652541
0069|0028|0007,0068|0038|0002,0.8524046307652541
0068|0038|0002,0069|0028|0007,0.8524046307652541
0076|0019|0009,0087|0011|0014,0.852251256872198
0087|0011|0014,0076|0019|0009,0.852251256872198
0075|0039|0001,0091|0022|0001,0.852251256872198
0047|0028|0029,0050|0012|0022,0.8518153766943088
0050|0012|0022,0047|0028|0029,0.8518153766943088
0062|0007|0003,0061|0011|0028,0.8517087593254314
0061|0011|0028,0062|0007|0003,0.8517087593254314
0063|0010|0009,0048|0034|0016,0.8516228624291206
0047|0029|0007,0063|0008|0028,0.8516228624291206
0075|0019|0014,0076|0021|0009,0.8516228624291206
0091|0022|0001,0075|0039|0001,0.8516228624291206
0048|0034|0016,0063|0010|0009,0.8516228624291206
0076|0042|0000,0091|0024|0000,0.8516228624291206
0063|0008|0028,0047|0029|0007,0.8516228624291206
0076|0021|0009,0075|0019|0014,0.8516228624291206
0091|0024|0000,0076|0042|0000,0.8516228624291206
0092|0036|0022,0090|0112|0000,0.8513551404879018
0090|0112|0000,0092|0036|0022,0.8513551404879018
0068|0035|0000,0069|0027|0000,0.8513480070269751
0069|0027|0000,0068|0035|0000,0.8513480070269751
0093|0010|0016,0083|0038|0017,0.8509306641805077
0092|0016|0009,0090|0025|0000,0.8507331335123522
0090|0025|0000,0092|0016|0009,0.8507331335123522
0090|0023|0023,0092|0028|0004,0.8506943121300126
0092|0032|0034,0090|0043|0036,0.8506943121300126
0090|0043|0036,0092|0032|0034,0.8506943121300126
0092|0028|0004,0090|0023|0023,0.8506943121300126
0046|0031|0006,0047|0026|0002,0.8502517832077836
0047|0026|0002,0046|0031|0006,0.8502517832077836
0083|0038|0017,0093|0010|0016,0.8498644646741501
0076|0013|0003,0075|0011|0002,0.8497620905473248
0068|0068|0023,0069|0032|0028,0.8497388997785672
0069|0032|0028,0068|0068|0023,0.8497388997785672
0023|0028|0030,0002|0013|0021,0.8494499530473013
0002|0013|0021,0023|0028|0030,0.8494499530473013
0076|0068|0014,0091|0033|0018,0.8492988135354755
0075|0011|0002,0076|0013|0003,0.8492988135354755
0067|0177|0000,0068|0363|0009,0.8492988135354755
0068|0363|0009,0067|0177|0000,0.8492988135354755
0091|0033|0018,0076|0068|0014,0.8492988135354755
0064|0007|0028,0063|0010|0007,0.8486625038739343
0045|0027|0028,0063|0010|0007,0.8486625038739343
0064|0007|0028,0048|0036|0007,0.8486625038739343
0045|0027|0028,0048|0036|0007,0.8486625038739343
0063|0010|0007,0045|0027|0028,0.8486625038739343
0063|0010|0007,0064|0007|0028,0.8486625038739343
0048|0036|0007,0064|0007|0028,0.8486625038739343
0048|0036|0007,0045|0027|0028,0.8486625038739343
0076|0015|0014,0075|0030|0023,0.8484138022417947
0075|0030|0023,0076|0015|0014,0.8484138022417947
0084|0003|0018,0083|0003|0015,0.84796847543517
0083|0003|0015,0084|0003|0018,0.84796847543517
0093|0011|0000,0083|0039|0000,0.8474968231198384
0047|0015|0009,0046|0021|0008,0.8474968231198384
0083|0039|0000,0093|0011|0000,0.8474968231198384
0046|0021|0008,0047|0015|0009,0.8474968231198384
0091|0038|0042,0076|0066|0008,0.8472022948060556
0076|0066|0008,0091|0038|0042,0.8472022948060556
0068|0036|0016,0069|0026|0016,0.8470651325287474
0091|0011|0014,0075|0017|0017,0.8469137200926485
0075|0017|0017,0091|0011|0014,0.8469137200926485
0068|0038|0009,0069|0026|0014,0.8466320077027171
0069|0026|0014,0068|0038|0009,0.8466320077027171
0069|0026|0016,0068|0036|0016,0.8466320077027171
0076|0063|0018,0091|0032|0014,0.8464618838623736
0076|0067|0019,0091|0032|0014,0.8464618838623736
0091|0032|0014,0076|0067|0019,0.8464618838623736
0091|0032|0014,0076|0063|0018,0.8464618838623736
0075|0030|0000,0076|0032|0000,0.8461976378159667
0069|0038|0001,0068|0069|0000,0.8461974195735412
0045|0025|0009,0046|0035|0018,0.8461353780448981
0046|0035|0018,0045|0025|0009,0.8461353780448981
0046|0035|0018,0064|0005|0009,0.8461353780448981
0064|0005|0009,0046|0035|0018,0.8461353780448981
0076|0032|0000,0075|0030|0000,0.845713978670975
0063|0005|0014,0048|0036|0006,0.8456060469269109
0068|0069|0000,0069|0038|0001,0.8456060469269109
0048|0036|0006,0063|0005|0014,0.8456060469269109
0064|0007|0028,0046|0035|0016,0.8452617523029298
0046|0035|0016,0064|0007|0028,0.8452617523029298
0046|0035|0016,0045|0027|0028,0.8452617523029298
0045|0027|0028,0046|0035|0016,0.8452617523029298
0069|0011|0016,0068|0020|0015,0.8447735066506541
0068|0020|0015,0069|0011|0016,0.8447735066506541
0090|0022|0009,0092|0013|0015,0.8441641243438371
0068|0130|0021,0069|0040|0015,0.8441641243438371
0092|0013|0015,0090|0022|0009,0.8441641243438371
0069|0040|0015,0068|0130|0021,0.8441641243438371
0087|0018|0028,0091|0019|0015,0.8438976966354963
0087|0011|0014,0089|0028|0015,0.8438323347648071
0068|0383|0019,0067|0202|0007,0.8438296140963869
0067|0202|0007,0068|0383|0019,0.8438296140963869
0067|0202|0007,0068|0383|0018,0.8436310738352709
0068|0383|0018,0067|0202|0007,0.8436310738352709
0091|0037|0051,0076|0066|0004,0.8436112881703339
0076|0066|0004,0091|0037|0051,0.8436112881703339
0089|0028|0015,0087|0011|0014,0.8432101478853166
0091|0019|0015,0087|0018|0028,0.8431339019329497
0067|0091|0009,0068|0362|0029,0.8422511746243517
0068|0362|0029,0067|0091|0009,0.8422511746243517
0046|0034|0004,0063|0008|0029,0.8419539711731491
0063|0008|0029,0046|0034|0004,0.8419539711731491
0047|0023|0007,0064|0002|0029,0.8419365322416251
0045|0022|0029,0047|0023|0007,0.8419365322416251
0047|0023|0007,0045|0022|0029,0.8419365322416251
0064|0002|0029,0047|0023|0007,0.8419365322416251
0093|0005|0009,0083|0038|0014,0.8418738456316578
0083|0038|0014,0093|0005|0009,0.8418738456316578
0067|0149|0036,0077|0005|0047,0.8405187413883114
0077|0005|0047,0067|0149|0036,0.8405187413883114
0090|0019|0014,0092|0010|0014,0.8400465575545711
0092|0013|0014,0090|0102|0018,0.8399870909551809
0090|0102|0018,0092|0013|0014,0.8399870909551809
0076|0069|0037,0091|0035|0002,0.8395855504384531
0091|0035|0002,0076|0069|0037,0.8395855504384531
0092|0010|0014,0090|0019|0014,0.8395754195180313
0093|0004|0023,0083|0037|0022,0.8393181069410838
0083|0037|0022,0093|0004|0023,0.8393181069410838
0091|0018|0005,0087|0019|0005,0.8390778096524212
0076|0009|0028,0087|0007|0017,0.8385842540234009
0087|0007|0017,0076|0009|0028,0.8385842540234009
0076|0056|0000,0089|0044|0000,0.8385342175095138
0087|0019|0005,0091|0018|0005,0.8384387210714358
0047|0025|0015,0064|0004|0023,0.8381098951593456
0064|0004|0023,0047|0025|0015,0.8381098951593456
0047|0025|0015,0045|0024|0023,0.8381098951593456
0045|0024|0023,0047|0025|0015,0.8381098951593456
0076|0069|0042,0091|0038|0037,0.8380055871435848
0069|0038|0037,0068|0069|0035,0.8380055871435848
0091|0038|0037,0076|0069|0042,0.8380055871435848
0089|0044|0000,0076|0056|0000,0.8380055871435848
0068|0069|0035,0069|0038|0037,0.8380055871435848
0090|0100|0023,0092|0024|0028,0.8374213307350815
0092|0024|0028,0090|0100|0023,0.8374213307350815
0047|0028|0028,0046|0033|0023,0.8365439321908346
0046|0033|0023,0047|0028|0028,0.8365439321908346
0047|0024|0014,0046|0029|0020,0.8362886972049357
0046|0029|0020,0047|0024|0014,0.8362886972049357
0075|0036|0021,0076|0036|0028,0.8360981181341536
0076|0036|0028,0075|0036|0021,0.8360981181341536
0090|0110|0035,0092|0035|0035,0.8358230801378418
0092|0035|0035,0090|0110|0035,0.8358230801378418
0068|0041|0008,0069|0041|0009,0.8356851224572917
0090|0022|0000,0092|0013|0006,0.835346300011948
0087|0011|0014,0075|0017|0019,0.835346300011948
0076|0065|0028,0091|0038|0009,0.835346300011948
0075|0017|0019,0087|0011|0014,0.835346300011948
0092|0013|0006,0090|0022|0000,0.835346300011948
0091|0038|0009,0076|0065|0028,0.835346300011948
0068|0130|0014,0069|0035|0009,0.8353420589385804
0069|0035|0009,0068|0130|0014,0.8353420589385804
0069|0030|0003,0068|0130|0018,0.835241642255403
0068|0130|0018,0069|0030|0003,0.835241642255403
0069|0030|0004,0068|0130|0017,0.835241642255403
0068|0130|0017,0069|0030|0004,0.835241642255403
0069|0041|0009,0068|0041|0008,0.8351687327897678
0075|0041|0000,0087|0025|0000,0.8344077341107748
0087|0025|0000,0075|0041|0000,0.8338542560892604
0081|0003|0000,0079|0002|0009,0.8338542560892604
0079|0002|0009,0081|0003|0000,0.8338542560892604
0068|0321|0028,0069|0039|0029,0.8334844567872388
0045|0016|0000,0046|0020|0002,0.833078701050083
0046|0020|0002,0045|0016|0000,0.833078701050083
0047|0012|0016,0046|0018|0015,0.832874714265896
0069|0034|0028,0068|0321|0028,0.83268266078192
0068|0383|0023,0067|0200|0017,0.83268266078192
0067|0200|0017,0068|0383|0023,0.83268266078192
0069|0039|0029,0068|0321|0028,0.83268266078192
0087|0018|0029,0091|0018|0023,0.8322522532806077
0091|0018|0023,0087|0018|0029,0.8322522532806077
0089|0044|0004,0091|0028|0003,0.8319951278086806
0089|0044|0004,0087|0029|0003,0.8319951278086806
0046|0018|0015,0047|0012|0016,0.8319384370664669
0076|0029|0001,0089|0031|0003,0.8318346593229526
0089|0031|0003,0076|0029|0001,0.8318346593229526
0091|0028|0003,0089|0044|0004,0.8315056237539307
0087|0029|0003,0089|0044|0004,0.8315056237539307
0068|0321|0028,0069|0034|0028,0.8313345506886102
0090|0104|0028,0092|0029|0006,0.8310405084085684
0092|0029|0006,0090|0104|0028,0.8310405084085684
0050|0012|0015,0047|0028|0023,0.8310351261930585
0047|0028|0023,0050|0012|0015,0.8310351261930585
0083|0035|0007,0093|0007|0014,0.8309183990770301
0093|0007|0014,0083|0035|0007,0.8309183990770301
0046|0027|0032,0045|0022|0009,0.8292181767323844
0046|0027|0032,0064|0002|0009,0.8292181767323844
0045|0022|0009,0046|0027|0032,0.8292181767323844
0064|0002|0009,0046|0027|0032,0.8292181767323844
0084|0093|0015,0090|0101|0018,0.8291705932865434
0090|0101|0018,0084|0093|0015,0.8291705932865434
0068|0068|0036,0069|0037|0042,0.8287981858682639
0069|0037|0042,0068|0068|0036,0.8287981858682639
0048|0031|0014,0063|0010|0006,0.828213806478924
0063|0010|0006,0048|0031|0014,0.828213806478924
0075|0013|0014,0076|0032|0030,0.8281759993039591
0076|0032|0030,0075|0013|0014,0.8281759993039591
0091|0028|0000,0075|0055|0000,0.8280213108873489
0075|0055|0000,0091|0028|0000,0.8280213108873489
0075|0055|0000,0087|0029|0000,0.8280213108873489
0087|0029|0000,0075|0055|0000,0.8280213108873489
0047|0030|0017,0045|0027|0028,0.8276756472065173
0045|0027|0028,0047|0030|0017,0.8276756472065173
0096|0008|0028,0094|0008|0021,0.8276756472065173
0064|0007|0028,0047|0030|0017,0.8276756472065173
0047|0030|0017,0064|0007|0028,0.8276756472065173
0067|0024|0002,0068|0330|0023,0.8276756472065173
0094|0008|0021,0096|0008|0028,0.8276756472065173
0068|0330|0023,0067|0024|0002,0.8276756472065173
0057|0008|0000,0060|0006|0009,0.8276748809769751
0060|0006|0009,0057|0008|0000,0.8276748809769751
0064|0007|0028,0063|0008|0015,0.8275810089084006
0045|0027|0028,0063|0008|0015,0.8275810089084006
0063|0008|0015,0064|0007|0028,0.8275810089084006
0063|0008|0015,0045|0027|0028,0.8275810089084006
0096|0007|0023,0094|0007|0016,0.8268605490992703
0094|0007|0016,0096|0007|0023,0.8268605490992703
0093|0007|0008,0083|0035|0001,0.8267326991315141
0083|0035|0001,0093|0007|0008,0.8267326991315141
0076|0063|0018,0091|0036|0015,0.8258846826830535
0091|0036|0015,0076|0063|0018,0.8258846826830535
0047|0016|0014,0046|0022|0014,0.8255414263462425
0067|0188|0017,0068|0369|0017,0.8254851724052117
0064|0002|0029,0048|0028|0020,0.8253402790009298
0048|0028|0020,0064|0002|0029,0.8253402790009298
0045|0022|0029,0048|0028|0020,0.8253402790009298
0048|0028|0020,0045|0022|0029,0.8253402790009298
0068|0369|0017,0067|0188|0017,0.8248765135255685
0046|0022|0014,0047|0016|0014,0.8248765135255685
0068|0383|0016,0067|0200|0006,0.8248631783379907
0067|0200|0006,0068|0383|0016,0.8248631783379907
0069|0040|0014,0068|0040|0028,0.8238681247557303
0045|0027|0028,0050|0012|0020,0.8238238163278309
0050|0012|0020,0045|0027|0028,0.8238238163278309
0064|0007|0028,0050|0012|0020,0.8238238163278309
0050|0012|0020,0064|0007|0028,0.8238238163278309
0068|0364|0000,0067|0182|0000,0.8238238163278309
0048|0031|0014,0050|0012|0020,0.8238036447452214
0050|0012|0020,0048|0031|0014,0.8238036447452214
0068|0040|0028,0069|0040|0014,0.8233044597215138
0064|0007|0028,0045|0029|0019,0.8233044597215138
0045|0027|0028,0064|0009|0019,0.8233044597215138
0067|0182|0000,0068|0364|0000,0.8233044597215138
0045|0029|0019,0064|0007|0028,0.8233044597215138
0064|0009|0019,0045|0027|0028,0.8233044597215138
0068|0068|0031,0069|0032|0036,0.8232683511210463
0069|0032|0036,0068|0068|0031,0.8232683511210463
0063|0008|0014,0046|0035|0017,0.8231733284644825
0075|0013|0014,0091|0037|0036,0.822852917662655
0091|0037|0036,0075|0013|0014,0.822852917662655
0046|0035|0017,0063|0008|0014,0.8226273024311939
0075|0013|0014,0091|0033|0042,0.8223955602489635
0091|0033|0042,0075|0013|0014,0.8223182418047995
0090|0022|0043,0092|0013|0044,0.8221813932369305
0092|0013|0044,0090|0022|0043,0.8221813932369305
0087|0005|0023,0091|0005|0009,0.8219058962686364
0091|0005|0009,0087|0005|0023,0.8211620058989094
0091|0013|0032,0087|0013|0028,0.8211119346761782
0087|0013|0028,0091|0013|0032,0.8211119346761782
0046|0032|0028,0045|0026|0029,0.8209512402593354
0046|0032|0028,0064|0006|0029,0.8209512402593354
0002|0009|0006,0012|0008|0001,0.8207515273873133
0012|0008|0001,0002|0009|0006,0.8207515273873133
0046|0028|0009,0047|0023|0003,0.8207124605935063
0047|0023|0003,0046|0028|0009,0.8207124605935063
0048|0029|0028,0046|0029|0014,0.8204954767169905
0068|0357|0016,0067|0175|0015,0.8203689602678171
0090|0102|0042,0092|0026|0042,0.8203018346569024
0046|0029|0014,0048|0029|0028,0.8202014887555306
0096|0003|0014,0095|0003|0014,0.8200123297196334
0087|0018|0015,0076|0036|0015,0.8200123297196334
0095|0003|0014,0096|0003|0014,0.8200123297196334
0076|0036|0015,0087|0018|0015,0.8200123297196334
0092|0026|0042,0090|0102|0042,0.8199277649246208
0046|0037|0015,0048|0038|0006,0.8198428658878076
0048|0038|0006,0046|0037|0015,0.8198428658878076
0067|0175|0015,0068|0357|0016,0.8197771823231808
0045|0026|0029,0046|0032|0028,0.8196189957582152
0064|0006|0029,0046|0032|0028,0.8196189957582152
0075|0040|0006,0076|0041|0007,0.8192953171349731
0068|0041|0020,0069|0036|0007,0.8192477357844326
0069|0036|0007,0068|0041|0020,0.8192477357844326
0068|0363|0008,0067|0091|0028,0.8191754315970632
0067|0091|0028,0068|0363|0008,0.8191754315970632
0069|0030|0015,0068|0040|0036,0.8188970371875877
0068|0040|0036,0069|0030|0015,0.8188970371875877
0087|0006|0014,0091|0006|0021,0.8188390243793079
0091|0006|0021,0087|0006|0014,0.8188390243793079
0076|0041|0007,0075|0040|0006,0.818704313669086
0091|0038|0003,0076|0066|0016,0.818704313669086
0076|0066|0016,0091|0038|0003,0.818704313669086
0047|0028|0029,0048|0031|0015,0.8182887291020996
0048|0031|0015,0047|0028|0029,0.8182887291020996
0090|0047|0014,0092|0034|0008,0.8182130577526989
0092|0034|0008,0090|0047|0014,0.8182130577526989
0046|0037|0015,0047|0032|0009,0.8181125734120911
0047|0032|0009,0046|0037|0015,0.8181125734120911
0090|0101|0004,0092|0025|0017,0.8179350343989591
0083|0035|0021,0093|0007|0028,0.8178470313407157
0093|0007|0028,0083|0035|0021,0.8178470313407157
0048|0031|0014,0047|0028|0028,0.8177978265964414
0047|0028|0028,0048|0031|0014,0.8177978265964414
0092|0025|0017,0090|0101|0004,0.8174443440795498
0068|0068|0031,0069|0037|0037,0.8155687424054179
0069|0037|0037,0068|0068|0031,0.8155687424054179
0091|0018|0028,0089|0043|0020,0.8151408459347511
0089|0043|0020,0091|0018|0028,0.8151408459347511
0068|0362|0003,0067|0176|0003,0.8148691130388024
0067|0176|0003,0068|0362|0003,0.8148691130388024
0046|0028|0001,0048|0028|0009,0.8144564164703691
0048|0028|0009,0046|0028|0001,0.8144564164703691
0091|0023|0000,0087|0024|0000,0.8144257600447434
0087|0024|0000,0091|0023|0000,0.813856591306975
0089|0008|0022,0071|0009|0014,0.813856591306975
0067|0204|0015,0068|0385|0022,0.813856591306975
0088|0013|0033,0071|0014|0003,0.813856591306975
0068|0385|0022,0067|0204|0015,0.813856591306975
0071|0014|0003,0088|0013|0033,0.813856591306975
0071|0009|0014,0089|0008|0022,0.813856591306975
0047|0028|0028,0064|0005|0006,0.8132493528194856
0064|0005|0006,0047|0028|0028,0.8132493528194856
0047|0028|0028,0045|0025|0006,0.8132493528194856
0045|0025|0006,0047|0028|0028,0.8132493528194856
0089|0023|0001,0091|0007|0023,0.8131425411681484
0091|0007|0023,0089|0023|0001,0.8131425411681484
0087|0007|0009,0089|0023|0001,0.8126992285623375
0089|0023|0001,0087|0007|0009,0.8126992285623375
0094|0006|0009,0096|0006|0015,0.8124760938075204
0096|0006|0015,0094|0006|0009,0.8124760938075204
0047|0016|0009,0046|0022|0009,0.8124711778267705
0068|0384|0002,0067|0203|0002,0.812378723232787
0067|0191|0001,0068|0372|0006,0.812316127112615
0068|0372|0006,0067|0191|0001,0.812316127112615
0067|0203|0002,0068|0384|0002,0.8119439151292405
0045|0027|0020,0046|0033|0017,0.8115699931635378
0046|0033|0017,0045|0027|0020,0.8115699931635378
0046|0033|0017,0064|0007|0020,0.8115699931635378
0064|0007|0020,0046|0033|0017,0.8115699931635378
0046|0022|0009,0047|0016|0009,0.8114217758899006
0047|0022|0023,0046|0027|0029,0.8107937866872665
0046|0027|0029,0047|0022|0023,0.8107937866872665
0045|0014|0014,0046|0018|0015,0.8105932471967202
0046|0018|0015,0045|0014|0014,0.8105932471967202
0069|0037|0037,0068|0138|0035,0.8102897029643252
0068|0138|0035,0069|0037|0037,0.8102897029643252
0091|0005|0022,0087|0004|0031,0.8101300328409795
0087|0004|0031,0091|0005|0022,0.8101300328409795
0046|0031|0001,0048|0031|0019,0.8098423127793178
0048|0031|0019,0046|0031|0001,0.8098423127793178
0047|0025|0016,0046|0030|0019,0.809557746680067
0046|0030|0019,0047|0025|0016,0.809557746680067
0075|0026|0028,0076|0028|0016,0.8094220211349227
0075|0026|0028,0089|0030|0019,0.8094220211349227
0089|0030|0019,0075|0026|0028,0.8094220211349227
0076|0028|0016,0075|0026|0028,0.8094220211349227
0046|0036|0022,0047|0031|0022,0.8092719196873692
0047|0031|0022,0046|0036|0022,0.8092719196873692
0089|0037|0009,0087|0018|0028,0.8092031696829527
0087|0018|0028,0089|0037|0009,0.8092031696829527
0091|0017|0029,0089|0037|0009,0.8092031696829527
0089|0037|0009,0091|0017|0029,0.8092031696829527
0063|0012|0001,0046|0037|0009,0.8090038291087852
0046|0037|0009,0063|0012|0001,0.8090038291087852
0012|0008|0030,0002|0010|0000,0.8087648627794569
0002|0010|0000,0012|0008|0030,0.8087648627794569
0045|0044|0016,0046|0056|0019,0.8087405797366504
0046|0056|0019,0045|0044|0016,0.8087405797366504
0068|0359|0002,0067|0181|0009,0.8081872706402911
0067|0181|0009,0068|0359|0002,0.8081872706402911
0046|0026|0000,0047|0021|0000,0.8080559561529747
0081|0003|0004,0079|0002|0014,0.8080175208290363
0079|0002|0014,0081|0003|0004,0.8080175208290363
0069|0034|0009,0068|0129|0000,0.8078728054006042
0068|0129|0000,0069|0034|0009,0.8078728054006042
0047|0021|0000,0046|0026|0000,0.8076608287085566
0012|0007|0000,0023|0012|0004,0.8061823417913228
0023|0012|0004,0012|0007|0000,0.8061823417913228
0076|0067|0004,0091|0032|0000,0.8061333649639933
0091|0032|0000,0076|0067|0004,0.8061333649639933
0091|0005|0002,0087|0004|0035,0.8052167247208352
0087|0004|0035,0091|0005|0002,0.8052167247208352
0063|0005|0019,0046|0031|0001,0.8039946934055502
0046|0031|0001,0063|0005|0019,0.8039946934055502
0087|0020|0009,0089|0038|0007,0.8039885820518873
0075|0018|0042,0076|0020|0029,0.8038837483532185
0075|0017|0028,0076|0019|0018,0.8038837483532185
0076|0020|0029,0075|0018|0042,0.8038837483532185
0076|0019|0018,0075|0017|0028,0.8038837483532185
0096|0005|0004,0094|0005|0004,0.803815031530062
0094|0005|0004,0096|0005|0004,0.803815031530062
0068|0379|0009,0067|0198|0014,0.8038019482772603
0067|0198|0014,0068|0379|0009,0.8038019482772603
0069|0033|0015,0068|0069|0009,0.8035873825307864
0068|0069|0009,0069|0033|0015,0.8035873825307864
0091|0016|0007,0087|0016|0002,0.8034963069661472
0087|0016|0002,0091|0016|0007,0.8034963069661472
0063|0005|0014,0047|0025|0034,0.8034512038068883
0047|0025|0034,0063|0005|0014,0.8034512038068883
0086|0013|0030,0088|0007|0015,0.8034512038068883
0088|0007|0015,0086|0013|0030,0.8034512038068883
0076|0018|0005,0075|0016|0014,0.8033331639285793
0075|0016|0014,0076|0018|0005,0.8033331639285793
0089|0038|0007,0087|0020|0009,0.8029812000578134
0069|0032|0001,0068|0035|0000,0.8029801939413355
0069|0037|0001,0068|0035|0000,0.8029801939413355
0068|0035|0000,0069|0037|0001,0.8026693926662241
0068|0035|0000,0069|0032|0001,0.8026693926662241
0076|0009|0028,0091|0007|0029,0.8022998220952824
0091|0007|0029,0076|0009|0028,0.8022998220952824
0068|0359|0001,0067|0091|0028,0.8007322989600029
0091|0011|0015,0089|0028|0015,0.8005686121824717
0089|0028|0015,0091|0011|0015,0.8005686121824717
0067|0091|0028,0068|0359|0001,0.8002746263291953
0093|0005|0021,0083|0038|0028,0.8001711224629631
0083|0038|0028,0093|0005|0021,0.8001711224629631
0085|0006|0004,0083|0007|0029,0.800004244088118
0083|0007|0029,0085|0006|0004,0.800004244088118
0068|0323|0022,0069|0030|0029,0.7994635320607869
0069|0030|0029,0068|0323|0022,0.7994635320607869
0076|0064|0042,0091|0037|0037,0.7991685832062279
0091|0037|0037,0076|0064|0042,0.7991685832062279
0064|0007|0028,0047|0028|0028,0.7990204371173256
0045|0027|0028,0047|0028|0028,0.7990204371173256
0048|0038|0017,0047|0032|0021,0.7989774650221996
0047|0032|0021,0048|0038|0017,0.7989774650221996
0068|0138|0001,0069|0025|0000,0.7989554057324884
0069|0025|0000,0068|0138|0001,0.7986255895306563
0047|0028|0028,0064|0007|0028,0.7984737721008085
0045|0027|0028,0048|0034|0014,0.7984737721008085
0047|0028|0028,0045|0027|0028,0.7984737721008085
0064|0007|0028,0048|0034|0014,0.7984737721008085
0048|0034|0014,0064|0007|0028,0.7984737721008085
0048|0034|0014,0045|0027|0028,0.7984737721008085
0068|0069|0000,0069|0033|0005,0.7984737721008085
0092|0034|0002,0090|0047|0008,0.7984737721008085
0090|0047|0008,0092|0034|0002,0.7984737721008085
0069|0033|0005,0068|0069|0000,0.7984737721008085
0023|0012|0023,0012|0007|0019,0.7983310165251871
0012|0007|0019,0023|0012|0023,0.7983310165251871
0095|0010|0016,0096|0008|0028,0.798228613598419
0096|0008|0028,0095|0010|0016,0.798228613598419
0089|0038|0000,0091|0019|0000,0.7981256013410023
0091|0019|0000,0089|0038|0000,0.7981256013410023
0075|0017|0023,0076|0019|0015,0.7980563701009259
0076|0019|0015,0075|0017|0023,0.7980563701009259
0046|0020|0002,0048|0015|0033,0.7977524246539416
0048|0015|0033,0046|0020|0002,0.7977524246539416
0091|0012|0009,0076|0019|0028,0.7975219547461047
0076|0019|0028,0091|0012|0009,0.7975219547461047
0090|0099|0014,0092|0023|0023,0.7972852025750108
0092|0023|0023,0090|0099|0014,0.7972852025750108
0089|0009|0028,0071|0014|0001,0.7970506822673431
0071|0014|0001,0089|0009|0028,0.7970506822673431
0047|0023|0030,0063|0003|0014,0.7968409196556119
0063|0003|0014,0047|0023|0030,0.7968409196556119
0092|0016|0022,0090|0025|0014,0.7965968878511809
0090|0025|0014,0092|0016|0022,0.7965968878511809
0094|0006|0014,0096|0006|0018,0.7965670178751182
0096|0006|0018,0094|0006|0014,0.7965670178751182
0087|0016|0056,0091|0016|0051,0.7955583389289839
0091|0016|0051,0087|0016|0056,0.7955583389289839
0068|0038|0002,0069|0038|0003,0.7950324903725691
0069|0038|0003,0068|0038|0002,0.7950324903725691
0069|0038|0001,0068|0038|0000,0.7950283694298257
0068|0038|0000,0069|0038|0001,0.7950283694298257
0068|0068|0002,0069|0027|0003,0.7949983500720742
0069|0027|0003,0068|0068|0002,0.7949983500720742
0069|0027|0004,0068|0068|0003,0.7949981624368494
0068|0068|0003,0069|0027|0004,0.7949981624368494
0096|0008|0000,0094|0007|0030,0.79495077528527
0094|0007|0030,0096|0008|0000,0.79495077528527
0083|0035|0023,0093|0011|0014,0.7945978636558553
0069|0025|0001,0068|0068|0000,0.7944506164022438
0068|0068|0000,0069|0025|0001,0.7944506164022438
0067|0149|0006,0077|0005|0006,0.7944246516060783
0077|0005|0006,0067|0149|0006,0.7944246516060783
0093|0011|0014,0083|0035|0023,0.7938604620038247
0068|0323|0030,0069|0036|0000,0.7937102999569904
0069|0036|0000,0068|0323|0030,0.7937102999569904
0088|0013|0018,0089|0009|0014,0.7932358832483425
0089|0009|0014,0088|0013|0018,0.7932358832483425
0095|0003|0014,0094|0003|0014,0.793140575025845
0090|0020|0000,0092|0011|0003,0.7931324683558217
0092|0011|0003,0090|0020|0000,0.7931324683558217
0094|0003|0014,0095|0003|0014,0.7925226565645306
0092|0012|0009,0084|0093|0015,0.791537399130509
0084|0093|0015,0092|0012|0009,0.791537399130509
0045|0014|0014,0047|0012|0016,0.7911403980746479
0047|0012|0016,0045|0014|0014,0.7911403980746479
0091|0018|0028,0087|0018|0031,0.7907807125125278
0087|0018|0031,0091|0018|0028,0.7907807125125278
0046|0037|0023,0063|0012|0014,0.7901785367025876
0063|0012|0014,0046|0037|0023,0.7901785367025876
0068|0390|0002,0069|0045|0002,0.7901180817400918
0069|0045|0002,0068|0390|0002,0.7900659406952817
0045|0027|0028,0063|0005|0015,0.7884896239035346
0064|0007|0028,0063|0005|0015,0.7884896239035346
0063|0005|0015,0064|0007|0028,0.7884896239035346
0063|0005|0015,0045|0027|0028,0.7884896239035346
0071|0009|0014,0088|0007|0034,0.7877163545496639
0088|0007|0034,0071|0009|0014,0.7877163545496639
0091|0039|0001,0076|0066|0023,0.7873109989664123
0076|0066|0023,0091|0039|0001,0.7873109989664123
0046|0029|0008,0064|0003|0028,0.7871915617707432
0046|0029|0008,0045|0023|0028,0.7871915617707432
0064|0003|0028,0046|0029|0008,0.7871915617707432
0045|0023|0028,0046|0029|0008,0.7871915617707432
0045|0017|0015,0050|0010|0015,0.7871505588810527
0046|0028|0020,0047|0023|0014,0.7869685946580969
0047|0023|0014,0046|0028|0020,0.7869685946580969
0069|0041|0032,0068|0131|0035,0.7868791637038185
0068|0131|0035,0069|0041|0032,0.7868791637038185
0069|0044|0023,0068|0390|0001,0.7868500249907445
0068|0390|0001,0069|0044|0023,0.7868500249907445
0050|0010|0015,0045|0017|0015,0.7867006491326978
0047|0023|0030,0048|0029|0014,0.7866848995873006
0048|0029|0014,0047|0023|0030,0.7866848995873006
0068|0129|0014,0069|0034|0023,0.7865984197371234
0069|0034|0023,0068|0129|0014,0.7865984197371234
0067|0177|0014,0068|0359|0017,0.785819713826002
0068|0359|0017,0067|0177|0014,0.785819713826002
0069|0029|0042,0068|0040|0009,0.7855661812505761
0068|0040|0009,0069|0029|0042,0.7855661812505761
0091|0013|0028,0087|0013|0023,0.785178570961272
0087|0013|0023,0091|0013|0028,0.785178570961272
0046|0048|0029,0045|0035|0014,0.7849635640558454
0091|0038|0000,0076|0069|0003,0.7847193902639101
0076|0069|0003,0091|0038|0000,0.7847193902639101
0076|0069|0017,0091|0033|0029,0.7845733197681928
0091|0033|0029,0076|0069|0017,0.7845733197681928
0069|0035|0014,0068|0040|0028,0.7845055020364783
0068|0040|0028,0069|0035|0014,0.7844317458687805
0090|0100|0001,0092|0024|0009,0.784034107172294
0092|0024|0009,0090|0100|0001,0.784034107172294
0045|0035|0014,0046|0048|0029,0.7839800200378249
0076|0020|0009,0075|0018|0028,0.7836926531169816
0069|0030|0035,0068|0131|0014,0.7836926531169816
0075|0018|0028,0076|0020|0009,0.7836926531169816
0068|0131|0014,0069|0030|0035,0.7836926531169816
0091|0008|0002,0076|0010|0002,0.7834557883385591
0076|0020|0031,0091|0013|0029,0.7832007514632604
0091|0013|0029,0076|0020|0031,0.7832007514632604
0076|0010|0002,0091|0008|0002,0.7829857825864452
0087|0006|0018,0076|0008|0023,0.7824685559094274
0076|0008|0023,0087|0006|0018,0.7824685559094274
0095|0007|0016,0094|0006|0000,0.7818916146747253
0094|0006|0000,0095|0007|0016,0.7818916146747253
0091|0008|0000,0087|0007|0022,0.7813303649698442
0087|0007|0022,0091|0008|0000,0.7813303649698442
0091|0039|0001,0076|0070|0009,0.7808204339819684
0076|0070|0009,0091|0039|0001,0.7808204339819684
0089|0003|0009,0084|0003|0014,0.7807087695618975
0084|0003|0014,0089|0003|0009,0.7807087695618975
0023|0013|0014,0012|0008|0023,0.7805206292317496
0012|0008|0023,0023|0013|0014,0.7805206292317496
0092|0024|0019,0090|0020|0000,0.7797863478364595
0090|0020|0000,0092|0024|0019,0.7797863478364595
0069|0033|0014,0068|0139|0009,0.7795377343512419
0068|0139|0009,0069|0033|0014,0.7795377343512419
0064|0003|0014,0048|0029|0009,0.7794484412876632
0047|0023|0028,0048|0029|0009,0.7794484412876632
0048|0029|0009,0045|0023|0014,0.7794484412876632
0048|0029|0009,0047|0023|0028,0.7794484412876632
0048|0029|0009,0064|0003|0014,0.7794484412876632
0045|0023|0014,0048|0029|0009,0.7794484412876632
0076|0056|0000,0087|0029|0000,0.7794434457079084
0076|0056|0000,0091|0028|0000,0.7794434457079084
0091|0028|0000,0076|0056|0000,0.7789520674608175
0087|0029|0000,0076|0056|0000,0.7789520674608175
0046|0029|0014,0063|0003|0028,0.7787880507848226
0063|0003|0028,0046|0029|0014,0.7784981341238989
0047|0014|0009,0046|0020|0003,0.7781499362080303
0046|0020|0003,0047|0014|0009,0.7781499362080303
0068|0069|0014,0069|0038|0015,0.7779970005219031
0069|0038|0015,0068|0069|0014,0.7776480822026595
0076|0066|0015,0091|0038|0048,0.7768557860134779
0091|0038|0048,0076|0066|0015,0.7768557860134779
0083|0009|0014,0090|0022|0000,0.776616084170908
0076|0047|0021,0075|0046|0028,0.7765145040967655
0075|0046|0028,0076|0047|0021,0.7765145040967655
0048|0038|0014,0046|0037|0022,0.7763401816386948
0046|0037|0022,0048|0038|0014,0.7763401816386948
0090|0022|0000,0083|0009|0014,0.7760733390638109
0002|0008|0004,0023|0012|0004,0.7757980690690564
0083|0035|0028,0093|0007|0034,0.7757353519961322
0091|0005|0045,0087|0005|0028,0.7757353519961322
0087|0005|0028,0091|0005|0045,0.7757353519961322
0093|0007|0034,0083|0035|0028,0.7757353519961322
0023|0012|0004,0002|0008|0004,0.775158446870444
0046|0010|0017,0045|0010|0014,0.7750361026892901
0045|0010|0014,0046|0010|0017,0.7750361026892901
0047|0022|0028,0064|0002|0009,0.7744614541815933
0045|0022|0009,0047|0022|0028,0.7744614541815933
0047|0022|0028,0045|0022|0009,0.7744614541815933
0064|0002|0009,0047|0022|0028,0.7744614541815933
0075|0035|0019,0091|0017|0020,0.7743867301262056
0091|0017|0020,0075|0035|0019,0.7743867301262056
0068|0389|0014,0069|0045|0004,0.7725792390389506
0088|0013|0031,0089|0009|0028,0.7725259537730556
0089|0009|0028,0088|0013|0031,0.7725259537730556
0068|0390|0028,0069|0045|0023,0.7722081864488507
0069|0045|0023,0068|0390|0028,0.7722081864488507
0069|0045|0004,0068|0389|0014,0.7721770445030252
0047|0012|0029,0046|0018|0028,0.7719914298952855
0046|0018|0028,0047|0012|0029,0.7719914298952855
0069|0028|0014,0068|0038|0008,0.7712836189840114
0068|0038|0008,0069|0028|0014,0.7712836189840114
0068|0069|0014,0069|0033|0019,0.770465339716631
0069|0033|0019,0068|0069|0014,0.770465339716631
0091|0005|0014,0087|0005|0004,0.7698528181993631
0087|0005|0004,0091|0005|0014,0.7698528181993631
0063|0005|0015,0050|0012|0021,0.7697660730390186
0050|0012|0021,0063|0005|0015,0.7697660730390186
0092|0004|0028,0090|0095|0028,0.7696719097180099
0090|0095|0028,0092|0004|0028,0.7696175699977066
0063|0005|0015,0047|0028|0029,0.7692807956199539
0047|0028|0029,0063|0005|0015,0.7692807956199539
0075|0047|0000,0076|0048|0000,0.7691831299040963
0076|0048|0000,0075|0047|0000,0.7687216865133333
0050|0010|0015,0047|0015|0017,0.7686034760561847
0047|0015|0017,0050|0010|0015,0.7686034760561847
0069|0029|0023,0068|0321|0028,0.7685066933616793
0068|0321|0028,0069|0029|0023,0.7685066933616793
0091|0005|0009,0087|0005|0000,0.7685066933616793
0087|0005|0000,0091|0005|0009,0.7685066933616793
0002|0005|0014,0081|0020|0031,0.7684893955817089
0081|0020|0031,0002|0005|0014,0.7684893955817089
0068|0390|0017,0069|0044|0007,0.7677335471282745
0069|0044|0007,0068|0390|0017,0.7677335471282745
0092|0013|0006,0083|0009|0014,0.7671043840794146
0083|0009|0014,0092|0013|0006,0.7671043840794146
0067|0003|0017,0089|0005|0014,0.7665936070959262
0089|0005|0014,0067|0003|0017,0.7665936070959262
0091|0019|0000,0076|0038|0000,0.7662190919133121
0076|0038|0000,0091|0019|0000,0.7662190919133121
0092|0030|0003,0090|0105|0017,0.7661419166668538
0090|0105|0017,0092|0030|0003,0.7661419166668538
0076|0019|0009,0089|0028|0015,0.7660134098817059
0089|0028|0015,0076|0019|0009,0.7660134098817059
0046|0028|0001,0063|0002|0009,0.7660061645363807
0063|0002|0009,0046|0028|0001,0.7660061645363807
0076|0003|0029,0091|0003|0009,0.7651248653630724
0091|0003|0009,0076|0003|0029,0.7651248653630724
0090|0043|0044,0092|0032|0043,0.7648646542374046
0092|0032|0043,0090|0043|0044,0.7648646542374046
0089|0037|0009,0091|0019|0015,0.7645630089166471
0091|0019|0015,0089|0037|0009,0.7645630089166471
0046|0033|0028,0045|0025|0009,0.7639078523110836
0046|0033|0028,0064|0005|0009,0.7639078523110836
0045|0025|0009,0046|0033|0028,0.7639078523110836
0064|0005|0009,0046|0033|0028,0.7639078523110836
0075|0013|0014,0076|0064|0042,0.763745880193981
0076|0064|0042,0075|0013|0014,0.763745880193981
0069|0041|0009,0068|0323|0028,0.7637260583416604
0068|0323|0028,0069|0041|0009,0.7637260583416604
0076|0065|0029,0091|0033|0029,0.7637091787043054
0091|0008|0000,0075|0008|0018,0.7633567293050167
0075|0008|0018,0091|0008|0000,0.7633567293050167
0075|0025|0028,0076|0027|0030,0.7630637969873822
0076|0027|0030,0075|0025|0028,0.7630637969873822
0091|0033|0029,0076|0065|0029,0.7630576760156728
0092|0019|0028,0090|0095|0028,0.7630572489805504
0064|0010|0034,0063|0011|0028,0.7627753234507744
0064|0010|0034,0048|0037|0028,0.7627753234507744
0063|0011|0028,0045|0030|0034,0.7627753234507744
0048|0037|0028,0064|0010|0034,0.7627753234507744
0048|0037|0028,0045|0030|0034,0.7627753234507744
0063|0011|0028,0064|0010|0034,0.7627753234507744
0045|0030|0034,0048|0037|0028,0.7627753234507744
0045|0030|0034,0063|0011|0028,0.7627753234507744
0090|0095|0028,0092|0019|0028,0.7626292902075286
0045|0018|0001,0046|0022|0001,0.7621458548939204
0046|0022|0001,0045|0018|0001,0.7621458548939204
0090|0019|0014,0092|0024|0000,0.7618677741148041
0092|0024|0000,0090|0019|0014,0.7614711558258791
0075|0012|0016,0076|0014|0022,0.7613069971388353
0068|0036|0008,0069|0033|0007,0.7613069971388353
0076|0014|0022,0075|0012|0016,0.7613069971388353
0069|0033|0007,0068|0036|0008,0.7608718587327973
0083|0032|0028,0093|0009|0023,0.7606494934213612
0093|0009|0023,0083|0032|0028,0.7606494934213612
0076|0008|0023,0091|0006|0028,0.7584963643997621
0091|0006|0028,0076|0008|0023,0.7584963643997621
0087|0020|0000,0076|0038|0000,0.7582910621362726
0046|0033|0028,0047|0030|0020,0.7582278460616952
0046|0033|0028,0048|0031|0018,0.7582278460616952
0048|0031|0018,0046|0033|0028,0.7582278460616952
0047|0030|0020,0046|0033|0028,0.7582278460616952
0068|0358|0029,0067|0176|0029,0.7580029623360449
0076|0038|0000,0087|0020|0000,0.7577611236349739
0088|0013|0014,0071|0013|0023,0.7576961363836969
0071|0013|0023,0088|0013|0014,0.7576961363836969
0067|0176|0029,0068|0358|0029,0.7576083560170269
0087|0007|0014,0075|0008|0009,0.757186203028608
0075|0008|0009,0087|0007|0014,0.757186203028608
0092|0010|0014,0090|0099|0021,0.7571247245187456
0090|0099|0021,0092|0010|0014,0.7571247245187456
0092|0027|0005,0090|0102|0028,0.7569843778950104
0090|0102|0028,0092|0027|0005,0.7569843778950104
0060|0001|0000,0057|0001|0000,0.7568959110068965
0046|0033|0028,0063|0005|0018,0.7567384438772895
0063|0005|0018,0046|0033|0028,0.7567384438772895
0068|0332|0028,0077|0005|0037,0.7566859258453066
0077|0005|0037,0068|0332|0028,0.7566859258453066
0046|0030|0015,0064|0004|0019,0.7566227778144139
0046|0030|0015,0045|0024|0019,0.7566227778144139
0045|0024|0019,0046|0030|0015,0.7566227778144139
0064|0004|0019,0046|0030|0015,0.7566227778144139
0057|0001|0000,0060|0001|0000,0.7563378253711999
0091|0023|0014,0087|0024|0014,0.7552931490829828
0076|0069|0042,0083|0042|0005,0.7550304085123603
0083|0042|0005,0076|0069|0042,0.7550304085123603
0075|0023|0023,0076|0025|0014,0.7549638711508062
0046|0030|0023,0045|0024|0028,0.7549638711508062
0045|0024|0028,0046|0030|0023,0.7549638711508062
0076|0025|0014,0075|0023|0023,0.7549638711508062
0046|0030|0023,0064|0004|0028,0.7549638711508062
0064|0004|0028,0046|0030|0023,0.7549638711508062
0076|0063|0000,0091|0036|0000,0.7549354465001707
0046|0002|0000,0047|0002|0001,0.7546697757057081
0048|0037|0021,0064|0010|0028,0.7546697757057081
0047|0002|0001,0046|0002|0000,0.7546697757057081
0064|0010|0028,0063|0011|0021,0.7546697757057081
0045|0030|0028,0048|0037|0021,0.7546697757057081
0064|0010|0028,0048|0037|0021,0.7546697757057081
0063|0011|0021,0064|0010|0028,0.7546697757057081
0045|0030|0028,0063|0011|0021,0.7546697757057081
0063|0011|0021,0045|0030|0028,0.7546697757057081
0048|0037|0021,0045|0030|0028,0.7546697757057081
0087|0024|0014,0091|0023|0014,0.754566571610724
0076|0003|0029,0075|0002|0009,0.7540784328837703
0075|0002|0009,0076|0003|0029,0.7540784328837703
0090|0104|0022,0092|0029|0000,0.7522711132406793
0092|0029|0000,0090|0104|0022,0.7522711132406793
0068|0322|0015,0069|0028|0009,0.7516964298471271
0069|0026|0009,0068|0322|0015,0.7516964298471271
0068|0322|0015,0069|0026|0009,0.7516964298471271
0069|0028|0009,0068|0322|0015,0.7516964298471271
0068|0370|0031,0067|0189|0028,0.7512237400954148
0067|0189|0028,0068|0370|0031,0.7512237400954148
0064|0002|0028,0046|0028|0009,0.7512189783898263
0046|0028|0009,0045|0022|0028,0.7512189783898263
0046|0028|0009,0064|0002|0028,0.7512189783898263
0045|0022|0028,0046|0028|0009,0.7512189783898263
0092|0028|0009,0090|0023|0028,0.7510855482019043
0090|0023|0028,0092|0028|0009,0.7510855482019043
0002|0008|0018,0012|0007|0014,0.750953808495291
0012|0007|0014,0002|0008|0018,0.750953808495291
0091|0036|0000,0076|0063|0000,0.7509359715956672
0076|0020|0014,0075|0018|0032,0.7507302723896828
0075|0018|0032,0076|0020|0014,0.7507302723896828
0089|0041|0016,0087|0024|0014,0.7502372045933146
0087|0024|0014,0089|0041|0016,0.7502372045933146
0088|0006|0016,0071|0007|0015,0.7498488431791787
0071|0007|0015,0088|0006|0016,0.7498488431791787
0068|0003|0014,0079|0004|0004,0.7493568353598375
0079|0004|0004,0068|0003|0014,0.7493568353598375
0046|0036|0028,0047|0031|0029,0.7482079622382032
0071|0016|0000,0088|0017|0000,0.7478855441682416
0047|0031|0029,0046|0036|0028,0.7476682380512845
0088|0017|0000,0071|0016|0000,0.7471471808780884
0046|0034|0009,0045|0028|0014,0.7469433941769461
0046|0034|0009,0064|0008|0014,0.7469433941769461
0064|0008|0014,0046|0034|0009,0.7469433941769461
0045|0028|0014,0046|0034|0009,0.7469433941769461
0089|0034|0000,0087|0017|0000,0.7468765756883149
0087|0017|0000,0089|0034|0000,0.7468765756883149
0076|0041|0002,0091|0023|0002,0.7468754497824707
0091|0023|0002,0076|0041|0002,0.7468754497824707
0087|0016|0016,0091|0009|0020,0.7467014925961846
0091|0009|0020,0087|0016|0016,0.7467014925961846
0068|0037|0028,0069|0025|0028,0.7458069719358038
0046|0028|0014,0064|0002|0030,0.7456563576596202
0064|0002|0030,0046|0028|0014,0.7456563576596202
0046|0028|0014,0045|0022|0030,0.7456563576596202
0045|0022|0030,0046|0028|0014,0.7456563576596202
0075|0030|0042,0076|0032|0050,0.745618618282576
0076|0032|0050,0075|0030|0042,0.745618618282576
0069|0025|0028,0068|0037|0028,0.7454256228487419
0068|0138|0016,0069|0025|0014,0.7450003409861832
0069|0025|0014,0068|0138|0016,0.7450003409861832
0064|0007|0028,0045|0025|0007,0.7444939225397423
0045|0027|0028,0064|0005|0007,0.7444939225397423
0045|0025|0007,0064|0007|0028,0.7444939225397423
0064|0005|0007,0045|0027|0028,0.7444939225397423
0068|0338|0000,0067|0155|0000,0.7444603623882603
0061|0010|0023,0062|0006|0002,0.7444263418066193
0062|0006|0002,0061|0010|0023,0.7444263418066193
0092|0032|0000,0090|0107|0022,0.7441758864490964
0090|0107|0022,0092|0032|0000,0.7441758864490964
0087|0007|0022,0076|0010|0000,0.743935634463116
0076|0010|0000,0087|0007|0022,0.743935634463116
0067|0155|0000,0068|0338|0000,0.7438252804209342
0091|0038|0015,0076|0065|0036,0.7435061096923261
0076|0065|0036,0091|0038|0015,0.7435061096923261
0090|0103|0032,0092|0014|0030,0.743320615938644
0092|0014|0030,0090|0103|0032,0.743320615938644
0075|0038|0004,0087|0022|0001,0.7431288760049594
0075|0038|0004,0091|0021|0001,0.7431288760049594
0087|0022|0001,0075|0038|0004,0.7423952088199556
0091|0021|0001,0075|0038|0004,0.7423952088199556
0091|0023|0015,0089|0041|0016,0.742281440161779
0089|0041|0016,0091|0023|0015,0.742281440161779
0090|0020|0020,0092|0025|0001,0.7415824733863426
0092|0025|0001,0090|0020|0020,0.7415824733863426
0068|0383|0008,0067|0200|0015,0.741422937196666
0067|0200|0015,0068|0383|0008,0.741422937196666
0069|0029|0045,0068|0040|0014,0.7413163379154365
0068|0040|0014,0069|0029|0045,0.7413163379154365
0075|0019|0020,0076|0021|0016,0.7403062257417311
0069|0033|0028,0068|0069|0023,0.7403062257417311
0076|0021|0016,0075|0019|0020,0.7403062257417311
0068|0069|0023,0069|0033|0028,0.7403062257417311
0075|0015|0006,0076|0017|0000,0.7396415511203523
0076|0017|0000,0075|0015|0006,0.7396415511203523
0069|0037|0003,0068|0037|0003,0.7394770688337052
0068|0037|0003,0069|0032|0003,0.7394770688337052
0068|0037|0003,0069|0037|0003,0.7394770688337052
0069|0032|0003,0068|0037|0003,0.7394770688337052
0045|0014|0023,0047|0012|0028,0.7392919757891246
0047|0012|0028,0045|0014|0023,0.7392919757891246
0076|0029|0007,0075|0027|0015,0.73927567692615
0075|0027|0015,0076|0029|0007,0.73927567692615
0069|0030|0006,0068|0040|0028,0.7385617080677117
0068|0040|0028,0069|0030|0006,0.7385617080677117
0068|0324|0014,0069|0041|0044,0.7378724265053761
0069|0041|0044,0068|0324|0014,0.7378724265053761
0045|0005|0017,0047|0006|0000,0.7376583093708526
0047|0006|0000,0045|0005|0017,0.7376583093708526
0069|0032|0028,0068|0037|0023,0.7375474009414108
0068|0037|0023,0069|0032|0028,0.7375474009414108
0068|0380|0003,0067|0199|0003,0.7374458101340237
0046|0041|0031,0047|0005|0014,0.737288622511305
0047|0005|0014,0046|0041|0031,0.737288622511305
0067|0199|0003,0068|0380|0003,0.73702431000915
0071|0012|0014,0088|0011|0033,0.737007420002336
0088|0011|0033,0071|0012|0014,0.737007420002336
0068|0131|0034,0069|0036|0018,0.7359629971296584
0069|0036|0018,0068|0131|0034,0.7359629971296584
0047|0009|0014,0046|0011|0003,0.7354024465560612
0046|0011|0003,0047|0009|0014,0.7354024465560612
0090|0024|0000,0092|0028|0021,0.734978294842316
0092|0028|0021,0090|0024|0000,0.734978294842316
0046|0003|0029,0047|0003|0029,0.7345132247943024
0047|0003|0029,0046|0003|0029,0.733953778448387
0091|0018|0003,0075|0036|0003,0.7334118042917536
0068|0322|0015,0069|0033|0008,0.7333397781556793
0069|0033|0008,0068|0322|0015,0.7333397781556793
0094|0007|0000,0096|0007|0007,0.7327409411034029
0096|0007|0007,0094|0007|0000,0.7327409411034029
0075|0036|0003,0091|0018|0003,0.7326877304584287
0068|0370|0000,0067|0189|0000,0.732403675717642
0046|0021|0016,0050|0010|0015,0.7318178586755458
0050|0010|0015,0046|0021|0016,0.7318178586755458
0067|0189|0000,0068|0370|0000,0.7316805971771619
0091|0037|0051,0076|0069|0042,0.731060907446335
0076|0069|0042,0091|0037|0051,0.731060907446335
0089|0006|0005,0088|0005|0014,0.7309882375232752
0088|0005|0014,0089|0006|0005,0.7309882375232752
0068|0385|0014,0067|0204|0006,0.73074514019317
0067|0204|0006,0068|0385|0014,0.73074514019317
0091|0022|0018,0076|0040|0014,0.7307300101440648
0076|0040|0014,0091|0022|0018,0.7307300101440648
0091|0037|0004,0086|0029|0000,0.7302771242070213
0086|0029|0000,0091|0037|0004,0.7302771242070213
0076|0064|0004,0086|0029|0000,0.7297667634971843
0086|0029|0000,0076|0064|0004,0.7297667634971843
0076|0068|0002,0086|0029|0000,0.7297667634971843
0086|0029|0000,0091|0033|0007,0.7297667634971843
0091|0033|0007,0086|0029|0000,0.7297667634971843
0086|0029|0000,0076|0068|0002,0.7297667634971843
0089|0003|0014,0084|0003|0018,0.7296530182413111
0084|0003|0018,0089|0003|0014,0.7296530182413111
0076|0038|0000,0089|0038|0000,0.7281555816542453
0089|0038|0000,0076|0038|0000,0.7281555816542453
0085|0003|0017,0089|0003|0014,0.7273141503007629
0089|0003|0014,0085|0003|0017,0.7273141503007629
0075|0008|0018,0076|0010|0000,0.726822222964718
0076|0010|0000,0075|0008|0018,0.726822222964718
0089|0028|0015,0075|0017|0018,0.726619148355564
0075|0017|0018,0089|0028|0015,0.726619148355564
0092|0023|0009,0090|0099|0000,0.7263488568263239
0090|0099|0000,0092|0023|0009,0.7263488568263239
0092|0026|0021,0083|0009|0014,0.7261859785972036
0083|0009|0014,0092|0026|0021,0.7261859785972036
0090|0105|0005,0092|0015|0029,0.7260643777113377
0092|0015|0029,0090|0105|0005,0.7260643777113377
0093|0007|0000,0083|0034|0037,0.7259375745059885
0083|0034|0037,0093|0007|0000,0.7259375745059885
0046|0019|0028,0045|0015|0023,0.7254922792576818
0045|0015|0023,0046|0019|0028,0.7254922792576818
0046|0033|0023,0063|0008|0014,0.7246026200626197
0063|0008|0014,0046|0033|0023,0.7246026200626197
0068|0138|0016,0069|0027|0014,0.7238898194574384
0069|0027|0014,0068|0138|0016,0.7238898194574384
0091|0006|0017,0087|0006|0009,0.7233800117469666
0087|0006|0009,0091|0006|0017,0.7233800117469666
0091|0036|0000,0076|0067|0002,0.7229716854727257
0076|0067|0002,0091|0036|0000,0.7229716854727257
0091|0038|0042,0076|0065|0009,0.7224037170215811
0076|0065|0009,0091|0038|0042,0.7224037170215811
0048|0034|0014,0046|0033|0023,0.7214496935610594
0046|0033|0023,0048|0034|0014,0.7214496935610594
0091|0018|0028,0089|0038|0007,0.7213362285522956
0089|0038|0007,0091|0018|0028,0.7213362285522956
0045|0030|0031,0046|0036|0028,0.7212407279637897
0046|0036|0028,0064|0010|0031,0.7212407279637897
0046|0036|0028,0045|0030|0031,0.7212407279637897
0064|0010|0031,0046|0036|0028,0.7212407279637897
0069|0033|0028,0068|0139|0023,0.7211389453884708
0068|0139|0023,0069|0033|0028,0.7211389453884708
0046|0035|0014,0047|0025|0033,0.720805728195706
0047|0025|0033,0046|0035|0014,0.720805728195706
0091|0005|0028,0087|0005|0017,0.7204961047607474
0091|0005|0028,0087|0004|0035,0.7204961047607474
0087|0004|0035,0091|0005|0028,0.7204961047607474
0087|0005|0017,0091|0005|0028,0.7204961047607474
0076|0003|0028,0087|0003|0008,0.7199292939028122
0087|0003|0008,0076|0003|0028,0.7199292939028122
0068|0123|0021,0077|0005|0044,0.7195090795245314
0077|0005|0044,0068|0123|0021,0.7195090795245314
0068|0068|0016,0069|0025|0016,0.718662836295488
0069|0025|0016,0068|0068|0016,0.718662836295488
0068|0386|0001,0067|0204|0018,0.7185889749522155
0067|0204|0018,0068|0386|0001,0.7185889749522155
0090|0105|0004,0092|0016|0009,0.7184141007778737
0092|0016|0009,0090|0105|0004,0.7184141007778737
0046|0052|0014,0045|0038|0009,0.7181605923347949
0045|0038|0009,0046|0052|0014,0.7181605923347949
0062|0006|0001,0061|0011|0028,0.7180629495273925
0061|0011|0028,0062|0006|0001,0.7180629495273925
0091|0019|0003,0075|0037|0004,0.717973180890777
0075|0037|0004,0091|0019|0003,0.717973180890777
0091|0011|0028,0076|0018|0033,0.7178403422697396
0076|0018|0033,0091|0011|0028,0.7178403422697396
0046|0004|0000,0047|0004|0003,0.7177103918415046
0047|0004|0003,0046|0004|0000,0.7177103918415046
0068|0138|0031,0069|0025|0028,0.7172660971524103
0069|0025|0028,0068|0138|0031,0.7172660971524103
0047|0014|0009,0045|0016|0000,0.7167973817266794
0045|0016|0000,0047|0014|0009,0.7167973817266794
0083|0037|0000,0093|0004|0000,0.7166711039807655
0092|0011|0016,0090|0100|0028,0.7166385397188643
0090|0100|0028,0092|0011|0016,0.7166385397188643
0092|0032|0037,0090|0107|0042,0.7164865768918617
0090|0107|0042,0092|0032|0037,0.7164865768918617
0093|0004|0000,0083|0037|0000,0.716059728388945
0091|0023|0000,0075|0040|0000,0.7150820488284068
0075|0040|0000,0091|0023|0000,0.7150820488284068
0090|0102|0009,0083|0009|0014,0.7147033219001238
0083|0009|0014,0090|0102|0009,0.7147033219001238
0090|0024|0000,0092|0015|0007,0.7146574442391778
0092|0015|0007,0090|0024|0000,0.7146574442391778
0063|0001|0000,0045|0021|0000,0.7140011582651558
0045|0021|0000,0063|0001|0000,0.7136294587034953
0092|0028|0030,0090|0104|0014,0.7135243068543841
0090|0104|0014,0092|0028|0030,0.7135243068543841
0068|0374|0021,0067|0193|0019,0.7131461657201187
0067|0193|0019,0068|0374|0021,0.7131461657201187
0087|0020|0000,0075|0037|0000,0.7130472100713265
0075|0037|0000,0087|0020|0000,0.7130472100713265
0091|0005|0014,0087|0005|0022,0.7129750013873176
0087|0005|0022,0091|0005|0014,0.7129750013873176
0076|0070|0000,0091|0038|0000,0.7125078195543884
0068|0390|0014,0069|0044|0023,0.7121426225580321
0069|0044|0023,0068|0390|0014,0.7121426225580321
0064|0003|0028,0048|0029|0023,0.7121043131712586
0048|0029|0023,0064|0003|0028,0.7121043131712586
0045|0023|0028,0048|0029|0023,0.7121043131712586
0048|0029|0023,0045|0023|0028,0.7121043131712586
0091|0038|0000,0076|0070|0000,0.7121005731767039
0091|0007|0002,0076|0009|0000,0.711023190765439
0076|0009|0000,0091|0007|0002,0.711023190765439
0089|0006|0001,0088|0005|0009,0.7105516791217373
0088|0005|0009,0089|0006|0001,0.7105516791217373
0012|0008|0009,0023|0013|0000,0.7104154094334458
0023|0013|0000,0012|0008|0009,0.7104154094334458
0091|0033|0042,0076|0015|0014,0.7104039322687555
0046|0004|0017,0047|0004|0028,0.7100895995181185
0047|0004|0028,0046|0004|0017,0.7100895995181185
0069|0039|0023,0068|0129|0014,0.7100164899874841
0068|0129|0014,0069|0039|0023,0.7100164899874841
0033|0004|0014,0032|0003|0007,0.7097789513093775
0032|0003|0007,0033|0004|0014,0.7097789513093775
0067|0189|0009,0068|0370|0014,0.7097775490647774
0064|0002|0028,0012|0007|0023,0.7097775490647774
0012|0007|0023,0064|0002|0028,0.7097775490647774
0045|0022|0028,0012|0007|0023,0.7097775490647774
0012|0007|0023,0045|0022|0028,0.7097775490647774
0068|0370|0014,0067|0189|0009,0.7097775490647774
0076|0015|0014,0091|0037|0036,0.7085042691555467
0091|0037|0036,0076|0015|0014,0.7085042691555467
0046|0028|0014,0048|0028|0022,0.7084059168962649
0048|0028|0022,0046|0028|0014,0.7084059168962649
0087|0025|0000,0076|0042|0000,0.708224721913634
0071|0012|0000,0088|0011|0007,0.7081709878553769
0088|0011|0007,0071|0012|0000,0.7081709878553769
0068|0386|0000,0067|0204|0000,0.708043060857469
0067|0204|0000,0068|0386|0000,0.708043060857469
0076|0042|0000,0087|0025|0000,0.7077297727226779
0046|0033|0028,0045|0029|0022,0.7073856526768423
0046|0033|0028,0064|0009|0022,0.7073856526768423
0046|0033|0028,0063|0010|0009,0.7073856526768423
0064|0009|0022,0046|0033|0028,0.7073856526768423
0063|0010|0009,0046|0033|0028,0.7073856526768423
0045|0029|0022,0046|0033|0028,0.7073856526768423
0087|0006|0020,0091|0006|0028,0.7073753245204469
0091|0006|0028,0087|0006|0020,0.7073753245204469
0076|0069|0042,0083|0041|0021,0.7068537521325925
0083|0041|0021,0076|0069|0042,0.7068537521325925
0076|0015|0014,0091|0033|0042,0.7068163289081009
0069|0044|0032,0068|0389|0014,0.7063111473172147
0068|0389|0014,0069|0044|0032,0.7063111473172147
0046|0036|0003,0061|0009|0000,0.7061523647874899
0061|0009|0000,0046|0036|0003,0.7061523647874899
0046|0033|0023,0063|0005|0014,0.7049342292286341
0063|0005|0014,0046|0033|0023,0.7049342292286341
0045|0001|0014,0047|0001|0017,0.7044029412765824
0047|0001|0017,0045|0001|0014,0.7044029412765824
0063|0002|0014,0023|0012|0021,0.7041168335414218
0023|0012|0021,0063|0002|0014,0.7041168335414218
0087|0005|0000,0091|0005|0042,0.7037873295747725
0091|0005|0042,0087|0005|0000,0.7037873295747725
0068|0370|0017,0067|0189|0014,0.7020338060788681
0067|0189|0014,0068|0370|0017,0.7020338060788681
0076|0069|0000,0091|0038|0044,0.7019373395364499
0091|0038|0044,0076|0069|0000,0.7019373395364499
0091|0038|0042,0076|0069|0043,0.7019334992490068
0076|0069|0043,0091|0038|0042,0.7019334992490068
0068|0328|0014,0067|0021|0014,0.7018286397301694
0067|0021|0014,0068|0328|0014,0.7018286397301694
0075|0016|0030,0087|0011|0028,0.7017437105337435
0087|0011|0028,0075|0016|0030,0.7017437105337435
0061|0002|0000,0046|0005|0003,0.700300165035324
0046|0005|0003,0061|0002|0000,0.700300165035324
0091|0034|0042,0076|0065|0042,0.700116801069488
0076|0065|0042,0091|0034|0042,0.700116801069488
