max_pair_list,max_score_list
0000|0002|0002 ~ 0006|0001|0006,0.5283430039951764
0001|0001|0016 ~ 0002|0002|0006,0.4619665604522925
0001|0001|0003 ~ 0004|0001|0005,0.3335368646956473
0001|0001|0014 ~ 0004|0001|0008,0.3033460398741927
0001|0001|0016 ~ 0006|0001|0006,0.4729890961442362
0001|0004|0000 ~ 0002|0006|0006,0.3425864432777271
0001|0004|0001 ~ 0022|0005|0029,0.3386416149342739
0001|0004|0000 ~ 0022|0011|0001,0.3533694875970724
0001|0004|0004 ~ 0022|0011|0020,0.3964747780571117
0001|0004|0004 ~ 0022|0011|0028,0.31872866764219
0001|0004|0004 ~ 0022|0017|0000,0.3518538723113005
0001|0006|0008 ~ 0002|0009|0009,0.8114217758899006
0001|0006|0016 ~ 0002|0009|0017,0.3887935007575172
0001|0006|0007 ~ 0012|0008|0004,0.703290738177191
0001|0006|0005 ~ 0025|0003|0006,0.7551027465859855
0001|0006|0017 ~ 0046|0023|0017,0.3590495739258842
0002|0003|0014 ~ 0012|0004|0008,0.3208592203450195
0002|0003|0016 ~ 0012|0004|0019,0.3265092435398299
0002|0003|0014 ~ 0012|0005|0003,0.4071719785481161
0002|0004|0000 ~ 0022|0006|0005,0.3802897648010493
0002|0006|0001 ~ 0022|0011|0007,0.4115187127353527
0002|0006|0014 ~ 0022|0011|0015,0.3057568809326359
0002|0006|0000 ~ 0030|0009|0028,0.3694352717886155
0002|0008|0004 ~ 0012|0007|0002,0.8938510701271204
0002|0008|0014 ~ 0012|0007|0009,0.4753648067142177
0002|0008|0023 ~ 0012|0007|0020,0.791537399130509
0002|0008|0003 ~ 0022|0012|0003,0.8336104423443033
0002|0008|0017 ~ 0022|0012|0018,0.8996480074924822
0002|0008|0017 ~ 0044|0022|0017,0.6251202303046117
0002|0008|0023 ~ 0045|0028|0007,0.7629735279873116
0002|0008|0015 ~ 0046|0022|0034,0.5445275361916393
0002|0008|0015 ~ 0047|0028|0008,0.5693224814662495
0002|0008|0017 ~ 0060|0003|0009,0.4423320004729092
0002|0008|0015 ~ 0062|0002|0009,0.5632773491902683
0002|0008|0017 ~ 0063|0002|0017,0.6251202303046117
0002|0009|0005 ~ 0012|0008|0001,0.7683813660503467
0002|0009|0014 ~ 0012|0008|0009,0.3323009838623273
0002|0010|0000 ~ 0012|0008|0030,0.7820632928742991
0003|0001|0017 ~ 0004|0001|0015,0.4186731164673817
0003|0001|0014 ~ 0005|0001|0008,0.3716538786266727
0003|0001|0014 ~ 0006|0001|0005,0.3624381389889261
0004|0001|0015 ~ 0001|0001|0020,0.5670530725396635
0004|0001|0015 ~ 0003|0001|0017,0.4183954028764231
0004|0001|0014 ~ 0006|0001|0006,0.4588189697480072
0005|0001|0000 ~ 0001|0001|0004,0.3085161074315964
0005|0001|0002 ~ 0003|0001|0008,0.4836261769781618
0005|0001|0005 ~ 0004|0001|0009,0.4958291158709609
0005|0001|0005 ~ 0006|0001|0003,0.5199484916965815
0006|0001|0006 ~ 0000|0002|0002,0.5289403442324002
0006|0001|0000 ~ 0001|0001|0004,0.3082335259047881
0006|0001|0006 ~ 0001|0001|0016,0.4733381047638562
0006|0001|0006 ~ 0002|0002|0005,0.4235307019759665
0006|0001|0001 ~ 0003|0001|0009,0.4078969665951087
0006|0001|0002 ~ 0004|0001|0009,0.5058632933153563
0006|0001|0003 ~ 0005|0001|0005,0.5196568798695027
0009|0002|0009 ~ 0010|0002|0017,0.4077495133683773
0009|0002|0014 ~ 0010|0002|0005,0.4604787261210532
0009|0005|0001 ~ 0010|0002|0014,0.3667873105019023
0009|0006|0000 ~ 0010|0003|0008,0.3392486670407026
0010|0002|0001 ~ 0009|0002|0009,0.4758214857025976
0010|0002|0014 ~ 0009|0005|0001,0.3670186871336854
0012|0003|0002 ~ 0002|0002|0008,0.6680272227416626
0012|0004|0014 ~ 0002|0003|0007,0.3964788750720168
0012|0004|0019 ~ 0002|0003|0016,0.3261868914884961
0012|0005|0003 ~ 0002|0003|0008,0.4903528474520459
0012|0005|0001 ~ 0002|0003|0014,0.4067434794181572
0012|0007|0002 ~ 0002|0008|0004,0.8938510701271204
0012|0007|0020 ~ 0002|0008|0023,0.791537399130509
0012|0007|0003 ~ 0022|0012|0006,0.828399516355805
0012|0007|0020 ~ 0022|0012|0023,0.791537399130509
0012|0007|0014 ~ 0044|0022|0017,0.6472817206810538
0012|0007|0020 ~ 0045|0028|0006,0.6810918846233903
0012|0007|0014 ~ 0046|0022|0034,0.4642563978104788
0012|0007|0020 ~ 0046|0023|0001,0.6810918846233903
0012|0007|0014 ~ 0047|0028|0009,0.5772870844806973
0012|0007|0020 ~ 0047|0028|0016,0.6793350629039757
0012|0007|0014 ~ 0060|0003|0009,0.4376505797236206
0012|0007|0020 ~ 0060|0003|0018,0.651506256240219
0012|0007|0014 ~ 0062|0002|0009,0.5595673075093937
0012|0007|0020 ~ 0062|0002|0016,0.6805507843591292
0012|0007|0014 ~ 0063|0002|0017,0.6472817206810538
0012|0008|0004 ~ 0001|0006|0007,0.7041730532627594
0012|0008|0014 ~ 0001|0006|0018,0.367546598888911
0012|0008|0001 ~ 0002|0009|0005,0.7683813660503467
0012|0008|0014 ~ 0002|0009|0018,0.3585736099362377
0012|0008|0030 ~ 0002|0010|0000,0.7817608073542297
0012|0008|0014 ~ 0022|0013|0005,0.6244989233519681
0012|0008|0001 ~ 0025|0003|0006,0.6289922045873582
0012|0008|0022 ~ 0044|0023|0009,0.4887540079418608
0012|0008|0028 ~ 0044|0023|0016,0.6237774736059616
0012|0008|0014 ~ 0045|0028|0022,0.3577464206148749
0012|0008|0028 ~ 0045|0028|0031,0.3016672853304746
0012|0008|0000 ~ 0046|0022|0016,0.3700536954416952
0012|0008|0014 ~ 0046|0023|0017,0.4823842436708694
0012|0008|0028 ~ 0046|0023|0031,0.6528674230372311
0012|0008|0000 ~ 0047|0028|0001,0.31840536282563
0012|0008|0023 ~ 0047|0029|0009,0.6807733164353956
0012|0008|0028 ~ 0047|0029|0009,0.3685783822411697
0012|0008|0028 ~ 0047|0029|0014,0.5538142279874649
0012|0008|0000 ~ 0062|0002|0001,0.31840536282563
0012|0008|0023 ~ 0062|0003|0009,0.6807733164353956
0012|0008|0028 ~ 0062|0003|0009,0.3685783822411697
0012|0008|0028 ~ 0062|0003|0014,0.5538142279874649
0012|0008|0022 ~ 0063|0003|0009,0.4887540079418608
0012|0008|0028 ~ 0063|0003|0016,0.6237774736059616
0014|0004|0003 ~ 0015|0002|0021,0.7269760734485293
0014|0004|0002 ~ 0017|0002|0009,0.3913487116840734
0014|0004|0003 ~ 0017|0002|0014,0.6012745298480191
0014|0004|0015 ~ 0017|0002|0017,0.3409779962081595
0014|0004|0003 ~ 0020|0003|0000,0.7514234792298219
0014|0004|0003 ~ 0022|0003|0009,0.6970320173563505
0017|0002|0014 ~ 0014|0004|0003,0.6019233148203578
0017|0002|0014 ~ 0014|0010|0021,0.673168645673643
0017|0002|0014 ~ 0020|0003|0000,0.6785329633360406
0017|0002|0014 ~ 0022|0003|0009,0.5807476116070435
0018|0001|0002 ~ 0021|0001|0006,0.4007565045612179
0020|0003|0000 ~ 0014|0004|0003,0.7513578863743359
0020|0003|0000 ~ 0014|0010|0021,0.8472103446143585
0020|0003|0000 ~ 0017|0002|0009,0.4270984651932271
0020|0003|0000 ~ 0017|0002|0014,0.678983345497356
0020|0003|0000 ~ 0022|0003|0009,0.7734254323646186
0020|0003|0004 ~ 0022|0003|0014,0.5950978682255068
0020|0004|0014 ~ 0003|0002|0020,0.3677641162486014
0020|0004|0014 ~ 0055|0006|0000,0.3281148587220703
0021|0001|0006 ~ 0018|0001|0002,0.4001749927203293
0022|0001|0014 ~ 0052|0001|0020,0.3533957301792291
0022|0003|0014 ~ 0002|0002|0005,0.3196649406645318
0022|0003|0014 ~ 0014|0004|0008,0.3694057779206308
0022|0003|0014 ~ 0014|0010|0021,0.4197232808022209
0022|0003|0014 ~ 0017|0002|0016,0.4747894307638179
0022|0003|0014 ~ 0020|0003|0004,0.5954732676365251
0022|0005|0029 ~ 0001|0004|0001,0.3388734616529637
0022|0005|0000 ~ 0036|0001|0008,0.5065915413806341
0022|0005|0015 ~ 0036|0001|0007,0.3327934736763542
0022|0009|0028 ~ 0036|0008|0019,0.4694332284658622
0022|0011|0001 ~ 0001|0004|0000,0.3533694875970724
0022|0011|0019 ~ 0001|0004|0004,0.3961554468223717
0022|0011|0028 ~ 0001|0004|0004,0.3244656750736768
0022|0011|0017 ~ 0002|0006|0005,0.4805219079236056
0022|0011|0015 ~ 0002|0006|0014,0.3061253108465421
0022|0011|0028 ~ 0002|0006|0005,0.3607876091804716
0022|0011|0028 ~ 0002|0006|0017,0.3534156642122564
0022|0012|0003 ~ 0002|0008|0003,0.8336104423443033
0022|0012|0014 ~ 0002|0008|0009,0.3206172615036557
0022|0012|0018 ~ 0002|0008|0017,0.8996480074924822
0022|0012|0028 ~ 0002|0008|0023,0.3621223993047662
0022|0012|0006 ~ 0012|0007|0003,0.828399516355805
0022|0012|0014 ~ 0012|0007|0009,0.6660925205203744
0022|0012|0023 ~ 0012|0007|0020,0.791537399130509
0022|0012|0028 ~ 0012|0007|0023,0.4885222271706803
0022|0012|0017 ~ 0044|0022|0017,0.693157058432055
0022|0012|0028 ~ 0044|0022|0028,0.5297458697228199
0022|0012|0028 ~ 0045|0028|0009,0.5326790709830704
0022|0012|0028 ~ 0045|0028|0014,0.3135200503370957
0022|0012|0015 ~ 0046|0022|0034,0.5260303344673121
0022|0012|0028 ~ 0046|0023|0005,0.651097653432145
0022|0012|0017 ~ 0047|0028|0009,0.6225664543422237
0022|0012|0028 ~ 0047|0028|0021,0.6511604807705083
0022|0012|0018 ~ 0060|0003|0009,0.4949968762789704
0022|0012|0028 ~ 0060|0003|0023,0.4808831927104961
0022|0012|0017 ~ 0062|0002|0009,0.6096787979046306
0022|0012|0028 ~ 0062|0002|0021,0.6362749708461511
0022|0012|0017 ~ 0063|0002|0017,0.693157058432055
0022|0012|0028 ~ 0063|0002|0028,0.5297458697228199
0022|0013|0000 ~ 0012|0008|0009,0.682449197666817
0022|0013|0014 ~ 0012|0008|0023,0.8224420145878983
0022|0013|0014 ~ 0044|0023|0009,0.4660254582352212
0022|0013|0014 ~ 0044|0023|0014,0.5859265518996037
0022|0013|0000 ~ 0045|0028|0019,0.3224379855438572
0022|0013|0014 ~ 0045|0028|0031,0.6461080479587046
0022|0013|0014 ~ 0046|0023|0023,0.4115663051873466
0022|0013|0014 ~ 0046|0023|0028,0.6381701592741964
0022|0013|0014 ~ 0047|0029|0008,0.6461080479587046
0022|0013|0014 ~ 0062|0003|0008,0.6461080479587046
0022|0013|0014 ~ 0063|0003|0009,0.4660254582352212
0022|0013|0014 ~ 0063|0003|0014,0.5859265518996037
0022|0017|0000 ~ 0001|0004|0004,0.353197154218541
0022|0019|0001 ~ 0012|0009|0001,0.3099401951159055
0024|0002|0004 ~ 0041|0006|0019,0.459837341775943
0025|0003|0015 ~ 0045|0028|0019,0.8049616862596807
0025|0003|0016 ~ 0046|0023|0015,0.693395566222006
0025|0004|0000 ~ 0012|0008|0023,0.4910729682689207
0026|0001|0001 ~ 0027|0001|0005,0.5485199585261491
0026|0001|0001 ~ 0029|0001|0000,0.3979434599030951
0026|0002|0000 ~ 0027|0002|0005,0.3616759205159635
0026|0002|0014 ~ 0027|0002|0023,0.3549481713606199
0027|0002|0018 ~ 0044|0003|0034,0.3324804390735119
0027|0002|0016 ~ 0045|0002|0000,0.3452359140084706
0027|0002|0016 ~ 0045|0004|0000,0.425354156172004
0027|0002|0002 ~ 0045|0026|0008,0.4112198143318291
0027|0002|0015 ~ 0045|0026|0008,0.6221102834483428
0027|0002|0015 ~ 0045|0026|0014,0.4900204996477859
0027|0002|0018 ~ 0046|0004|0004,0.4645428023569073
0027|0002|0002 ~ 0046|0021|0009,0.4112198143318291
0027|0002|0015 ~ 0046|0021|0009,0.6015875893714521
0027|0003|0003 ~ 0026|0002|0019,0.5004055806029312
0029|0001|0000 ~ 0026|0001|0001,0.3978961660307479
0029|0001|0000 ~ 0027|0001|0005,0.4192430478263869
0029|0002|0015 ~ 0048|0003|0014,0.3697643501620947
0029|0002|0015 ~ 0049|0004|0002,0.3252067144304674
0030|0001|0000 ~ 0052|0001|0003,0.3162771959153411
0030|0009|0028 ~ 0002|0006|0000,0.3695032293242019
0030|0009|0030 ~ 0022|0011|0006,0.7245324827967909
0031|0003|0014 ~ 0032|0002|0009,0.5091686102291805
0031|0003|0017 ~ 0032|0002|0014,0.8509306641805077
0031|0025|0031 ~ 0056|0009|0021,0.5709532781037572
0032|0001|0000 ~ 0055|0001|0000,0.3160931532445101
0032|0002|0014 ~ 0031|0003|0017,0.8498644646741501
0032|0004|0014 ~ 0031|0003|0007,0.7268812409121653
0037|0011|0014 ~ 0049|0009|0005,0.3326693395936471
0039|0026|0017 ~ 0051|0003|0037,0.5923691867407817
0039|0026|0028 ~ 0051|0003|0043,0.375905620152063
0040|0005|0014 ~ 0024|0002|0004,0.3927237741677927
0040|0005|0014 ~ 0041|0006|0023,0.3779946101121266
0041|0004|0030 ~ 0058|0004|0017,0.3832990764516977
0041|0005|0000 ~ 0058|0002|0016,0.6666324780651346
0041|0005|0014 ~ 0058|0002|0023,0.3035496299323146
0041|0005|0000 ~ 0058|0004|0046,0.4592778267340353
0041|0005|0015 ~ 0058|0006|0014,0.352591580851082
0041|0005|0028 ~ 0058|0006|0037,0.5439636672194519
0041|0005|0017 ~ 0058|0007|0005,0.3580612612465226
0041|0006|0018 ~ 0024|0002|0004,0.4575155798481121
0041|0006|0015 ~ 0058|0004|0028,0.3624333255729073
0041|0007|0000 ~ 0058|0004|0007,0.3288503327935481
0041|0008|0001 ~ 0058|0004|0006,0.5747773468961637
0041|0008|0004 ~ 0058|0004|0034,0.3883707883545573
0041|0008|0028 ~ 0058|0004|0036,0.6200702231174425
0041|0008|0002 ~ 0058|0006|0014,0.3359803108787299
0043|0001|0002 ~ 0054|0001|0000,0.5234102557873603
0043|0001|0028 ~ 0054|0001|0018,0.3053838501278295
0043|0013|0045 ~ 0039|0011|0063,0.6495354111080502
0044|0001|0001 ~ 0045|0001|0002,0.7550304085123603
0044|0001|0018 ~ 0045|0001|0023,0.5318532291918212
0044|0001|0014 ~ 0045|0003|0023,0.3864695375956029
0044|0001|0015 ~ 0045|0003|0030,0.6104909505092
0044|0001|0004 ~ 0046|0001|0006,0.7092262645117261
0044|0001|0014 ~ 0046|0001|0019,0.7044029412765824
0044|0001|0014 ~ 0046|0003|0023,0.4092541578095793
0044|0001|0015 ~ 0046|0003|0028,0.6461873929207442
0044|0001|0006 ~ 0047|0001|0009,0.6195392938476657
0044|0001|0001 ~ 0052|0001|0003,0.3524920354758481
0044|0002|0000 ~ 0045|0002|0000,0.5943593169250889
0044|0002|0000 ~ 0046|0002|0000,0.4376697475393182
0044|0002|0000 ~ 0047|0002|0003,0.5188137738166304
0044|0003|0014 ~ 0045|0001|0009,0.3250978080700331
0044|0003|0021 ~ 0045|0001|0022,0.4265506545827786
0044|0003|0005 ~ 0045|0003|0009,0.6675112506558177
0044|0003|0014 ~ 0045|0003|0018,0.64743203908033
0044|0003|0028 ~ 0045|0003|0037,0.5575515456422013
0044|0003|0017 ~ 0046|0001|0019,0.7248190088781232
0044|0003|0014 ~ 0046|0003|0019,0.5926964880100889
0044|0003|0032 ~ 0046|0004|0002,0.7170687189677667
0044|0003|0014 ~ 0047|0003|0023,0.3271731968064563
0044|0004|0002 ~ 0046|0004|0015,0.3768478744790067
0044|0004|0017 ~ 0063|0001|0018,0.8336104423443033
0044|0005|0015 ~ 0045|0005|0029,0.8318346593229526
0044|0005|0016 ~ 0046|0006|0000,0.7372024927972581
0044|0007|0028 ~ 0045|0007|0032,0.3033435186609443
0044|0007|0014 ~ 0056|0004|0016,0.3859997601419964
0044|0008|0015 ~ 0045|0008|0003,0.8851539679521481
0044|0008|0028 ~ 0045|0008|0029,0.4348030604987927
0044|0008|0042 ~ 0045|0008|0037,0.3946909569808745
0044|0008|0042 ~ 0045|0008|0042,0.447871014294876
0044|0008|0028 ~ 0046|0007|0005,0.3828135871266177
0044|0009|0000 ~ 0045|0009|0004,0.4752447430538923
0044|0009|0014 ~ 0045|0009|0018,0.6606805063993854
0044|0009|0030 ~ 0045|0009|0032,0.7671043840794146
0044|0009|0000 ~ 0046|0007|0008,0.3681527515486849
0044|0009|0009 ~ 0046|0007|0023,0.3638146780246911
0044|0009|0014 ~ 0046|0007|0023,0.6308923433321021
0044|0009|0020 ~ 0046|0007|0032,0.5377927390289314
0044|0010|0000 ~ 0045|0010|0002,0.8132493528194856
0044|0010|0014 ~ 0045|0010|0017,0.7053408875621983
0044|0010|0000 ~ 0046|0008|0009,0.5087833514610692
0044|0010|0000 ~ 0046|0008|0014,0.6198549813336537
0044|0010|0020 ~ 0046|0009|0004,0.7091021225504478
0044|0011|0006 ~ 0046|0009|0022,0.4542547586441209
0044|0011|0014 ~ 0046|0009|0030,0.5125065843125608
0044|0011|0014 ~ 0047|0010|0003,0.3667495848844836
0044|0012|0016 ~ 0045|0014|0007,0.6855805494774985
0044|0012|0017 ~ 0045|0014|0028,0.5765684796251552
0044|0014|0006 ~ 0045|0018|0008,0.8767668675846485
0044|0014|0021 ~ 0045|0018|0023,0.8783650674919876
0044|0014|0028 ~ 0045|0018|0030,0.6985540777603769
0044|0015|0004 ~ 0045|0019|0008,0.7409114640815321
0044|0015|0018 ~ 0045|0019|0023,0.7550304085123603
0044|0015|0029 ~ 0045|0019|0035,0.8033331639285793
0044|0016|0000 ~ 0045|0020|0003,0.8381098951593456
0044|0017|0003 ~ 0049|0010|0003,0.7911403980746479
0044|0017|0014 ~ 0049|0010|0009,0.3496377191081559
0044|0017|0014 ~ 0049|0010|0014,0.5893485350500126
0044|0018|0000 ~ 0045|0009|0034,0.3702349993086385
0044|0019|0028 ~ 0063|0006|0003,0.3525186246875396
0044|0021|0005 ~ 0045|0026|0004,0.8419539711731491
0044|0021|0004 ~ 0046|0021|0005,0.8424593739764531
0044|0021|0000 ~ 0047|0027|0001,0.7000861045970646
0044|0021|0000 ~ 0062|0001|0001,0.7000861045970646
0044|0022|0017 ~ 0002|0008|0017,0.6256241244618302
0044|0022|0028 ~ 0002|0008|0023,0.3422803488747217
0044|0022|0015 ~ 0012|0007|0009,0.3251690288152011
0044|0022|0017 ~ 0012|0007|0014,0.6478034786746586
0044|0022|0028 ~ 0012|0007|0023,0.391621276147171
0044|0022|0017 ~ 0022|0012|0017,0.6937157954155124
0044|0022|0028 ~ 0022|0012|0028,0.5292031904718659
0044|0022|0001 ~ 0045|0027|0023,0.4012140730950184
0044|0022|0014 ~ 0045|0027|0033,0.43000158954118
0044|0022|0021 ~ 0045|0028|0004,0.8635707684233572
0044|0022|0028 ~ 0045|0028|0009,0.6184180149906355
0044|0022|0030 ~ 0045|0028|0014,0.7703270371110725
0044|0022|0004 ~ 0046|0022|0023,0.7699779198507355
0044|0022|0015 ~ 0046|0022|0032,0.8960110606154549
0044|0022|0029 ~ 0046|0023|0007,0.8802730032659041
0044|0022|0000 ~ 0047|0028|0000,0.3571003131685458
0044|0022|0016 ~ 0047|0028|0009,0.8770424063938883
0044|0022|0029 ~ 0047|0028|0022,0.8812003597820193
0044|0022|0001 ~ 0060|0003|0000,0.3752104500707419
0044|0022|0017 ~ 0060|0003|0009,0.5144893318898853
0044|0022|0028 ~ 0060|0003|0023,0.4657089248291255
0044|0022|0000 ~ 0062|0002|0000,0.3256722025273313
0044|0022|0017 ~ 0062|0002|0009,0.8960110606154549
0044|0022|0030 ~ 0062|0002|0022,0.8866029039778043
0044|0023|0009 ~ 0012|0008|0021,0.5099074050019046
0044|0023|0014 ~ 0012|0008|0023,0.6219692217209452
0044|0023|0016 ~ 0012|0008|0028,0.6252982897216868
0044|0023|0014 ~ 0022|0013|0014,0.5859265518996037
0044|0023|0001 ~ 0045|0028|0021,0.8232490471721702
0044|0023|0014 ~ 0045|0028|0031,0.5732273557291915
0044|0023|0028 ~ 0045|0029|0009,0.8551258852226511
0044|0023|0033 ~ 0045|0029|0014,0.8964173245779284
0044|0023|0001 ~ 0046|0023|0015,0.8557423956196076
0044|0023|0014 ~ 0046|0023|0023,0.3408788675367132
0044|0023|0017 ~ 0046|0023|0032,0.8958039312312598
0044|0023|0030 ~ 0046|0024|0005,0.877762962437394
0044|0023|0009 ~ 0047|0029|0007,0.847992843627286
0044|0023|0014 ~ 0047|0029|0009,0.6007395045177083
0044|0023|0023 ~ 0047|0029|0021,0.8924071440504221
0044|0023|0028 ~ 0047|0029|0023,0.6384039457249076
0044|0023|0031 ~ 0047|0029|0028,0.8648225694103607
0044|0023|0000 ~ 0060|0004|0043,0.3029928206533524
0044|0023|0014 ~ 0060|0004|0009,0.7341505841595204
0044|0023|0008 ~ 0062|0003|0005,0.8996172464584702
0044|0023|0014 ~ 0062|0003|0009,0.6007395045177083
0044|0023|0023 ~ 0062|0003|0021,0.8924071440504221
0044|0023|0028 ~ 0062|0003|0023,0.6384039457249076
0044|0023|0031 ~ 0062|0003|0028,0.8205508068158176
0044|0024|0014 ~ 0045|0030|0009,0.4125140974449309
0044|0024|0016 ~ 0046|0025|0008,0.655824182370633
0044|0024|0001 ~ 0047|0030|0001,0.4879901635464439
0044|0024|0016 ~ 0047|0030|0008,0.4054604488933979
0044|0024|0001 ~ 0062|0004|0001,0.5202115017636314
0044|0024|0014 ~ 0062|0004|0007,0.3396346498512129
0044|0025|0003 ~ 0045|0030|0035,0.8204850170328478
0044|0025|0014 ~ 0045|0031|0004,0.6822290479234477
0044|0025|0014 ~ 0045|0035|0021,0.4846362260317345
0044|0025|0005 ~ 0046|0025|0034,0.8456060469269109
0044|0025|0014 ~ 0046|0026|0001,0.7768557860134779
0044|0025|0008 ~ 0046|0030|0020,0.8373657101080125
0044|0025|0014 ~ 0046|0030|0023,0.4846362260317345
0044|0025|0002 ~ 0047|0031|0009,0.7802530877317722
0044|0025|0014 ~ 0047|0031|0020,0.4961706226871723
0044|0025|0007 ~ 0047|0036|0009,0.8238036447452214
0044|0025|0014 ~ 0047|0036|0014,0.393598520916344
0044|0025|0002 ~ 0062|0005|0009,0.5257328184652267
0044|0025|0014 ~ 0062|0005|0021,0.4012689929045071
0044|0025|0007 ~ 0062|0010|0009,0.7699762143111194
0044|0025|0014 ~ 0062|0010|0016,0.392382639046212
0044|0025|0007 ~ 0063|0009|0018,0.8766305224811096
0044|0025|0014 ~ 0063|0009|0023,0.4009795351710138
0044|0026|0014 ~ 0045|0032|0009,0.3304338359186556
0044|0026|0029 ~ 0045|0032|0029,0.8968367582748276
0044|0026|0029 ~ 0046|0027|0032,0.858928629301836
0044|0026|0014 ~ 0047|0032|0023,0.3546656158383777
0044|0026|0028 ~ 0060|0007|0009,0.4161019676225841
0044|0026|0014 ~ 0062|0006|0020,0.3479796975746153
0044|0027|0028 ~ 0045|0031|0001,0.5175205099481786
0044|0027|0005 ~ 0045|0033|0003,0.6516950237924432
0044|0027|0014 ~ 0045|0033|0009,0.3966507029937005
0044|0027|0023 ~ 0045|0033|0021,0.8839279786546367
0044|0027|0028 ~ 0045|0033|0023,0.6736154672224113
0044|0027|0028 ~ 0045|0033|0028,0.569521890452266
0044|0027|0028 ~ 0045|0035|0016,0.8875087479151215
0044|0027|0028 ~ 0046|0025|0035,0.7226182948541423
0044|0027|0008 ~ 0046|0028|0009,0.6981211940691824
0044|0027|0021 ~ 0046|0028|0022,0.834521266973539
0044|0027|0028 ~ 0046|0028|0023,0.3092382347468533
0044|0027|0028 ~ 0046|0028|0029,0.8875087479151215
0044|0027|0028 ~ 0046|0030|0017,0.884617925078158
0044|0027|0028 ~ 0047|0031|0009,0.3492787678782867
0044|0027|0028 ~ 0047|0031|0014,0.7692807956199539
0044|0027|0028 ~ 0047|0034|0009,0.3887108148431004
0044|0027|0028 ~ 0047|0034|0014,0.8902579342581529
0044|0027|0028 ~ 0047|0036|0008,0.8875087479151215
0044|0027|0028 ~ 0047|0036|0014,0.3089201126922763
0044|0027|0028 ~ 0062|0005|0016,0.8986483549480944
0044|0027|0014 ~ 0062|0007|0023,0.3045909963495389
0044|0027|0028 ~ 0062|0008|0009,0.3884730273017683
0044|0027|0028 ~ 0062|0008|0015,0.8733088023851866
0044|0027|0028 ~ 0062|0010|0008,0.7892952430183597
0044|0027|0028 ~ 0062|0010|0014,0.488408325461887
0044|0027|0028 ~ 0063|0005|0007,0.7265411127419374
0044|0027|0028 ~ 0063|0009|0017,0.79952012970135
0044|0028|0000 ~ 0047|0034|0022,0.8776333266781384
0044|0028|0019 ~ 0047|0035|0003,0.8907171682201394
0044|0028|0028 ~ 0047|0035|0009,0.4229346692065947
0044|0028|0000 ~ 0062|0008|0023,0.8776333266781384
0044|0028|0018 ~ 0062|0009|0002,0.8866029039778043
0044|0028|0028 ~ 0062|0009|0009,0.4626302597347539
0044|0029|0015 ~ 0045|0030|0035,0.5155943028089663
0044|0029|0016 ~ 0045|0033|0023,0.6991791827059437
0044|0029|0006 ~ 0045|0035|0004,0.7964013612525851
0044|0029|0014 ~ 0045|0035|0009,0.3364365188630687
0044|0029|0020 ~ 0045|0035|0018,0.8749766281017177
0044|0029|0028 ~ 0045|0035|0023,0.4897580768139349
0044|0029|0028 ~ 0045|0035|0028,0.4568305581505444
0044|0029|0016 ~ 0046|0025|0034,0.723383922572741
0044|0029|0015 ~ 0046|0028|0023,0.3490430034631892
0044|0029|0017 ~ 0046|0028|0029,0.8436112881703339
0044|0029|0006 ~ 0046|0030|0006,0.7964013612525851
0044|0029|0020 ~ 0046|0030|0020,0.8749766281017177
0044|0029|0028 ~ 0046|0030|0023,0.311277086311832
0044|0029|0028 ~ 0046|0030|0028,0.779027549873868
0044|0029|0014 ~ 0047|0031|0009,0.542261466891909
0044|0029|0020 ~ 0047|0031|0017,0.8749766281017177
0044|0029|0015 ~ 0047|0034|0009,0.382194104418932
0044|0029|0018 ~ 0047|0034|0015,0.8380055871435848
0044|0029|0002 ~ 0047|0035|0031,0.6920968425384648
0044|0029|0016 ~ 0047|0036|0006,0.8461974195735412
0044|0029|0028 ~ 0047|0036|0017,0.3965396467941256
0044|0029|0014 ~ 0062|0005|0009,0.4246881269608786
0044|0029|0022 ~ 0062|0005|0019,0.8960110606154549
0044|0029|0015 ~ 0062|0008|0009,0.3804840207934649
0044|0029|0017 ~ 0062|0008|0014,0.8000244826856449
0044|0029|0002 ~ 0062|0009|0032,0.7461689362635789
0044|0029|0017 ~ 0062|0010|0009,0.8441434547224539
0044|0029|0028 ~ 0062|0010|0019,0.3965396467941256
0044|0029|0018 ~ 0063|0005|0007,0.876104619942412
0044|0029|0015 ~ 0063|0007|0023,0.4087145994080179
0044|0029|0017 ~ 0063|0007|0028,0.8000244826856449
0044|0030|0007 ~ 0045|0036|0003,0.7803562309677153
0044|0030|0014 ~ 0045|0036|0009,0.5214603075376375
0044|0030|0028 ~ 0045|0036|0023,0.581105015329495
0044|0030|0032 ~ 0045|0036|0029,0.7018131668057968
0044|0030|0008 ~ 0046|0031|0004,0.8109091360656031
0044|0030|0014 ~ 0046|0031|0009,0.5214603075376375
0044|0030|0028 ~ 0046|0031|0023,0.672423937714468
0044|0030|0034 ~ 0046|0031|0031,0.7805137304190031
0044|0030|0004 ~ 0047|0036|0029,0.4732383363309327
0044|0030|0009 ~ 0047|0037|0001,0.5471217141044804
0044|0030|0014 ~ 0047|0037|0004,0.4946031880984442
0044|0030|0028 ~ 0047|0037|0021,0.7589928360675516
0044|0030|0007 ~ 0060|0009|0000,0.7549638711508062
0044|0030|0015 ~ 0060|0009|0006,0.3644141878487233
0044|0030|0029 ~ 0060|0009|0022,0.5037255667587407
0044|0030|0028 ~ 0061|0005|0018,0.4971159042599802
0044|0030|0005 ~ 0062|0010|0029,0.5550733250281566
0044|0030|0014 ~ 0062|0011|0004,0.4905652732976659
0044|0030|0028 ~ 0062|0011|0021,0.7962043815447009
0044|0031|0001 ~ 0045|0037|0003,0.636544203268804
0044|0031|0019 ~ 0045|0037|0023,0.6526516569692588
0044|0031|0009 ~ 0046|0032|0009,0.5919340519684704
0044|0031|0014 ~ 0046|0032|0009,0.4351625059822077
0044|0031|0021 ~ 0046|0032|0021,0.7990204371173256
0044|0031|0001 ~ 0047|0037|0034,0.5749261257049788
0044|0031|0014 ~ 0047|0038|0007,0.3983132879124416
0044|0031|0021 ~ 0047|0038|0016,0.8238238163278309
0044|0031|0001 ~ 0062|0011|0034,0.6021903435236305
0044|0031|0014 ~ 0062|0012|0007,0.3983132879124416
0044|0031|0021 ~ 0062|0012|0016,0.8238238163278309
0044|0033|0014 ~ 0046|0034|0007,0.4415470080384075
0044|0038|0001 ~ 0045|0008|0001,0.4239724003688552
0044|0044|0006 ~ 0045|0056|0006,0.5821417459564051
0044|0044|0014 ~ 0045|0056|0015,0.7736516482331489
0044|0044|0028 ~ 0045|0056|0029,0.765114371259979
0044|0044|0044 ~ 0045|0056|0049,0.4870482785955506
0045|0001|0002 ~ 0044|0001|0001,0.7556390200928658
0045|0001|0014 ~ 0044|0001|0009,0.437816923621608
0045|0001|0023 ~ 0044|0001|0018,0.531081491373795
0045|0001|0022 ~ 0044|0003|0021,0.4265506545827786
0045|0001|0007 ~ 0046|0001|0009,0.7741227016651266
0045|0001|0014 ~ 0046|0001|0016,0.6645747897552533
0045|0001|0014 ~ 0046|0003|0022,0.5365074113763552
0045|0001|0019 ~ 0046|0003|0028,0.5008024419972578
0045|0001|0007 ~ 0047|0001|0009,0.5575185882813685
0045|0002|0000 ~ 0027|0002|0016,0.3499039236872887
0045|0002|0000 ~ 0044|0002|0000,0.5951279946176414
0045|0002|0000 ~ 0046|0002|0000,0.6220174111337914
0045|0002|0000 ~ 0047|0002|0003,0.4315675857140382
0045|0003|0017 ~ 0044|0001|0009,0.536361252975174
0045|0003|0030 ~ 0044|0001|0015,0.6082917434401169
0045|0003|0014 ~ 0044|0003|0009,0.5178913086716709
0045|0003|0030 ~ 0044|0003|0022,0.6835558948235324
0045|0003|0015 ~ 0046|0001|0009,0.4501975530533856
0045|0003|0030 ~ 0046|0001|0019,0.5759992430380724
0045|0003|0008 ~ 0046|0003|0009,0.4920585885922031
0045|0003|0021 ~ 0046|0003|0022,0.6218705072107826
0045|0003|0030 ~ 0046|0003|0030,0.7882672421728981
0045|0004|0000 ~ 0027|0002|0016,0.4248250745119153
0045|0004|0016 ~ 0027|0002|0021,0.395331892486729
0045|0004|0000 ~ 0046|0004|0005,0.80846720196545
0045|0004|0014 ~ 0046|0004|0008,0.3497465380445816
0045|0004|0016 ~ 0046|0004|0023,0.4086585826690044
0045|0004|0017 ~ 0046|0004|0028,0.6821736926280533
0045|0004|0029 ~ 0046|0005|0005,0.3595393223981256
0045|0004|0029 ~ 0046|0021|0031,0.351596005090616
0045|0004|0004 ~ 0051|0001|0030,0.3938687495456309
0045|0004|0015 ~ 0051|0001|0029,0.5895989055650623
0045|0005|0029 ~ 0044|0005|0015,0.8323489875135301
0045|0005|0000 ~ 0046|0005|0009,0.4348120146318404
0045|0005|0004 ~ 0046|0005|0016,0.8399523690730062
0045|0005|0015 ~ 0046|0005|0023,0.4563298693313914
0045|0005|0031 ~ 0046|0006|0000,0.8318346593229526
0045|0005|0000 ~ 0046|0022|0002,0.869640073699277
0045|0005|0003 ~ 0060|0002|0000,0.7217295966734423
0045|0005|0014 ~ 0060|0002|0009,0.3272683121819851
0045|0006|0014 ~ 0044|0006|0004,0.3672118198131213
0045|0006|0000 ~ 0046|0006|0009,0.538283177586848
0045|0006|0030 ~ 0046|0006|0019,0.3826029416278447
0045|0008|0000 ~ 0044|0008|0009,0.3176852611574488
0045|0008|0003 ~ 0044|0008|0015,0.8857294999458325
0045|0008|0030 ~ 0044|0008|0023,0.5458923622310541
0045|0008|0029 ~ 0044|0008|0028,0.4344095290605815
0045|0008|0042 ~ 0044|0008|0042,0.4394604528310155
0045|0008|0001 ~ 0044|0038|0001,0.4239724003688552
0045|0008|0029 ~ 0046|0007|0003,0.6644525638547998
0045|0009|0004 ~ 0044|0009|0000,0.4749359370872008
0045|0009|0015 ~ 0044|0009|0009,0.3706086283400758
0045|0009|0018 ~ 0044|0009|0014,0.659958302850984
0045|0009|0028 ~ 0044|0009|0019,0.3328114846811187
0045|0009|0032 ~ 0044|0009|0030,0.7676408567684445
0045|0009|0000 ~ 0046|0007|0009,0.6985540777603769
0045|0009|0016 ~ 0046|0007|0023,0.739586792065881
0045|0009|0028 ~ 0046|0007|0032,0.3114855789294449
0045|0009|0034 ~ 0046|0008|0003,0.8767736128756302
0045|0010|0002 ~ 0044|0010|0000,0.813762366467089
0045|0010|0014 ~ 0044|0010|0009,0.3518511353073757
0045|0010|0017 ~ 0044|0010|0014,0.7053408875621983
0045|0010|0001 ~ 0046|0008|0009,0.5651200956252891
0045|0010|0001 ~ 0046|0008|0014,0.6198549813336537
0045|0010|0017 ~ 0046|0009|0000,0.6578466705319773
0045|0014|0028 ~ 0044|0012|0017,0.5770607568493595
0045|0017|0000 ~ 0044|0013|0019,0.3895140293062774
0045|0018|0008 ~ 0044|0014|0006,0.8777263284174843
0045|0018|0014 ~ 0044|0014|0009,0.4301150032551202
0045|0018|0023 ~ 0044|0014|0021,0.8783650674919876
0045|0018|0028 ~ 0044|0014|0023,0.5978328831115342
0045|0018|0030 ~ 0044|0014|0028,0.6985540777603769
0045|0019|0008 ~ 0044|0015|0004,0.7414762138292663
0045|0019|0014 ~ 0044|0015|0009,0.6327067557304972
0045|0019|0023 ~ 0044|0015|0018,0.7555875294328935
0045|0019|0029 ~ 0044|0015|0023,0.7160485146328534
0045|0020|0003 ~ 0044|0016|0000,0.8381098951593456
0045|0025|0000 ~ 0046|0020|0000,0.7580474038140528
0045|0025|0015 ~ 0046|0020|0015,0.899232600475171
0045|0025|0028 ~ 0046|0020|0023,0.3520584167707108
0045|0026|0008 ~ 0027|0002|0015,0.6225693254284809
0045|0026|0014 ~ 0027|0002|0003,0.3143098369458944
0045|0026|0014 ~ 0027|0002|0015,0.4900204996477859
0045|0026|0004 ~ 0044|0021|0005,0.8424593739764531
0045|0026|0014 ~ 0044|0021|0008,0.3434165408951951
0045|0026|0000 ~ 0046|0004|0003,0.3093375461167761
0045|0026|0004 ~ 0046|0021|0005,0.8479479989046359
0045|0026|0014 ~ 0046|0021|0009,0.4455033312902768
0045|0026|0016 ~ 0046|0021|0014,0.6634832616570885
0045|0026|0000 ~ 0047|0027|0001,0.6677806357912147
0045|0026|0001 ~ 0061|0001|0003,0.5566507990158712
0045|0026|0000 ~ 0062|0001|0001,0.6677806357912147
0045|0026|0004 ~ 0063|0001|0004,0.8972712491805229
0045|0026|0014 ~ 0063|0001|0008,0.349391242568821
0045|0027|0032 ~ 0044|0022|0009,0.8036431532733102
0045|0027|0001 ~ 0046|0005|0009,0.4078120494592682
0045|0027|0004 ~ 0046|0005|0016,0.8966773400768917
0045|0027|0001 ~ 0046|0022|0002,0.8420348080712474
0045|0027|0015 ~ 0046|0022|0009,0.5084823691939229
0045|0027|0022 ~ 0046|0022|0018,0.8981503502402635
0045|0027|0029 ~ 0046|0022|0023,0.8107937866872665
0045|0027|0033 ~ 0046|0022|0028,0.868356811459848
0045|0027|0014 ~ 0060|0002|0009,0.5707783401993145
0045|0027|0014 ~ 0060|0002|0014,0.4563240981124505
0045|0027|0032 ~ 0063|0002|0009,0.8036431532733102
0045|0028|0007 ~ 0002|0008|0023,0.7623067286250758
0045|0028|0028 ~ 0002|0009|0023,0.3227091140024109
0045|0028|0006 ~ 0012|0007|0020,0.6804366873393869
0045|0028|0031 ~ 0012|0008|0023,0.6844762736914461
0045|0028|0006 ~ 0022|0012|0023,0.7390913986440626
0045|0028|0014 ~ 0022|0012|0028,0.3164389365959547
0045|0028|0031 ~ 0022|0013|0014,0.6604218324742259
0045|0028|0028 ~ 0025|0003|0022,0.3360315514735854
0045|0028|0004 ~ 0044|0022|0021,0.8644563298602335
0045|0028|0014 ~ 0044|0022|0030,0.7701365065543356
0045|0028|0030 ~ 0044|0023|0009,0.8571061116877262
0045|0028|0001 ~ 0046|0022|0034,0.557014527402363
0045|0028|0007 ~ 0046|0023|0001,0.8885264382640774
0045|0028|0015 ~ 0046|0023|0009,0.8574694719523485
0045|0028|0029 ~ 0046|0023|0023,0.821733500055363
0045|0028|0031 ~ 0046|0023|0028,0.7085093139239549
0045|0028|0001 ~ 0047|0028|0009,0.6940508651530144
0045|0028|0008 ~ 0047|0028|0019,0.8882952016958282
0045|0028|0014 ~ 0047|0028|0023,0.8302394471244031
0045|0028|0000 ~ 0047|0029|0000,0.3993632312126274
0045|0028|0031 ~ 0047|0029|0007,0.8607079764250579
0045|0028|0002 ~ 0060|0003|0009,0.4778490778979214
0045|0028|0003 ~ 0060|0003|0014,0.6182013682539468
0045|0028|0014 ~ 0060|0003|0028,0.4415948140175956
0045|0028|0030 ~ 0060|0004|0006,0.7947545184555568
0045|0028|0001 ~ 0062|0002|0009,0.668025710575734
0045|0028|0005 ~ 0062|0002|0014,0.8767668675846485
0045|0028|0014 ~ 0062|0002|0023,0.7510201430702309
0045|0028|0000 ~ 0062|0003|0000,0.3087673278860986
0045|0028|0031 ~ 0062|0003|0007,0.8607079764250579
0045|0028|0004 ~ 0063|0002|0021,0.8644563298602335
0045|0028|0014 ~ 0063|0002|0030,0.7701365065543356
0045|0028|0030 ~ 0063|0003|0009,0.8571061116877262
0045|0029|0002 ~ 0044|0023|0021,0.8610291728339028
0045|0029|0014 ~ 0044|0023|0033,0.8967386308733728
0045|0029|0014 ~ 0046|0024|0007,0.8721961796545519
0045|0029|0007 ~ 0047|0029|0022,0.8911403965076844
0045|0029|0014 ~ 0047|0029|0028,0.7937325935687569
0045|0029|0007 ~ 0062|0003|0022,0.8911403965076844
0045|0029|0014 ~ 0062|0003|0028,0.7452127299993143
0045|0029|0002 ~ 0063|0003|0021,0.8610291728339028
0045|0029|0014 ~ 0063|0003|0033,0.8967386308733728
0045|0030|0020 ~ 0044|0024|0023,0.8494543337901367
0045|0030|0005 ~ 0046|0025|0001,0.742724994757457
0045|0030|0014 ~ 0046|0025|0009,0.6609556604342021
0045|0030|0020 ~ 0046|0025|0016,0.8738653958059289
0045|0030|0028 ~ 0046|0025|0023,0.5009718769021604
0045|0030|0035 ~ 0046|0025|0033,0.8839279786546367
0045|0030|0020 ~ 0047|0030|0023,0.810107507411981
0045|0030|0028 ~ 0047|0030|0028,0.3935668259395254
0045|0030|0020 ~ 0062|0004|0023,0.817601941619492
0045|0030|0028 ~ 0062|0004|0028,0.4874376695083646
0045|0030|0020 ~ 0063|0004|0023,0.8494543337901367
0045|0031|0001 ~ 0044|0025|0009,0.6203020812119918
0045|0031|0004 ~ 0044|0025|0014,0.681736918012024
0045|0031|0016 ~ 0044|0025|0023,0.6731098025323075
0045|0031|0001 ~ 0044|0027|0028,0.5171772290601551
0045|0031|0001 ~ 0044|0029|0022,0.8966376838926321
0045|0031|0001 ~ 0046|0025|0035,0.4689547055750933
0045|0031|0006 ~ 0046|0026|0004,0.8961175603416148
0045|0031|0014 ~ 0046|0026|0009,0.5008727945430905
0045|0031|0019 ~ 0046|0026|0016,0.8907171682201394
0045|0031|0028 ~ 0046|0026|0023,0.6077169122542543
0045|0031|0000 ~ 0046|0028|0029,0.5242152717502354
0045|0031|0001 ~ 0046|0030|0022,0.8294838585473985
0045|0031|0001 ~ 0047|0031|0018,0.7917076964475259
0045|0031|0028 ~ 0047|0032|0001,0.3927300468828403
0045|0031|0001 ~ 0047|0036|0009,0.6060498774609339
0045|0031|0001 ~ 0047|0036|0014,0.6470137147293625
0045|0031|0001 ~ 0062|0005|0019,0.8960110606154549
0045|0031|0028 ~ 0062|0006|0005,0.4081603623646893
0045|0031|0001 ~ 0062|0010|0009,0.5171772290601551
0045|0031|0001 ~ 0062|0010|0014,0.8507987503372376
0045|0031|0001 ~ 0063|0005|0009,0.6203020812119918
0045|0031|0004 ~ 0063|0005|0014,0.681736918012024
0045|0031|0016 ~ 0063|0005|0023,0.6731098025323075
0045|0031|0001 ~ 0063|0007|0028,0.5171772290601551
0045|0031|0001 ~ 0063|0009|0022,0.8966376838926321
0045|0032|0003 ~ 0044|0026|0007,0.7014214982907722
0045|0032|0029 ~ 0044|0026|0029,0.8953132021812428
0045|0032|0006 ~ 0046|0027|0007,0.8675979125638379
0045|0032|0017 ~ 0046|0027|0018,0.8911593425728828
0045|0032|0030 ~ 0046|0027|0032,0.8772772016355979
0045|0032|0001 ~ 0060|0006|0023,0.4893542859946876
0045|0032|0028 ~ 0060|0007|0009,0.4209694848912042
0045|0032|0003 ~ 0061|0003|0023,0.4908722558583935
0045|0032|0003 ~ 0063|0006|0007,0.7014214982907722
0045|0032|0029 ~ 0063|0006|0029,0.8953132021812428
0045|0033|0028 ~ 0044|0025|0009,0.7514062280981492
0045|0033|0003 ~ 0044|0027|0005,0.6515494737682822
0045|0033|0021 ~ 0044|0027|0023,0.8847011616665357
0045|0033|0028 ~ 0044|0027|0028,0.5691441160905836
0045|0033|0028 ~ 0044|0029|0020,0.7779698711819751
0045|0033|0028 ~ 0046|0025|0035,0.5463981379669905
0045|0033|0003 ~ 0046|0028|0006,0.8743414417652072
0045|0033|0019 ~ 0046|0028|0023,0.8137817217704797
0045|0033|0028 ~ 0046|0028|0029,0.6292636633489502
0045|0033|0028 ~ 0046|0030|0020,0.7518896078637125
0045|0033|0028 ~ 0047|0031|0017,0.7518896078637125
0045|0033|0007 ~ 0047|0033|0022,0.8399447277290544
0045|0033|0028 ~ 0047|0034|0016,0.8706751494570112
0045|0033|0028 ~ 0047|0036|0009,0.7138405063597495
0045|0033|0028 ~ 0047|0036|0014,0.3842138674057352
0045|0033|0028 ~ 0062|0005|0018,0.7503344042773639
0045|0033|0007 ~ 0062|0007|0022,0.8743414417652072
0045|0033|0028 ~ 0062|0008|0017,0.8815741981066073
0045|0033|0028 ~ 0062|0010|0009,0.594500780167995
0045|0033|0028 ~ 0062|0010|0014,0.59696512897637
0045|0033|0028 ~ 0063|0005|0009,0.7514062280981492
0045|0033|0003 ~ 0063|0007|0005,0.6515494737682822
0045|0033|0021 ~ 0063|0007|0023,0.8847011616665357
0045|0033|0028 ~ 0063|0007|0028,0.5691441160905836
0045|0033|0028 ~ 0063|0009|0020,0.7779698711819751
0045|0034|0001 ~ 0047|0034|0023,0.6681049215465428
0045|0034|0006 ~ 0047|0034|0029,0.8815741981066073
0045|0034|0017 ~ 0047|0035|0003,0.8907171682201394
0045|0034|0031 ~ 0047|0035|0023,0.7423468479928049
0045|0034|0001 ~ 0062|0008|0023,0.6007416048065756
0045|0034|0005 ~ 0062|0008|0029,0.8764423611643729
0045|0034|0016 ~ 0062|0009|0002,0.8866029039778043
0045|0034|0030 ~ 0062|0009|0023,0.6893339013105976
0045|0035|0019 ~ 0044|0025|0009,0.840520950044086
0045|0035|0014 ~ 0044|0027|0023,0.3966636584313794
0045|0035|0016 ~ 0044|0027|0028,0.8880686058461107
0045|0035|0004 ~ 0044|0029|0006,0.7962043815447009
0045|0035|0018 ~ 0044|0029|0020,0.8749766281017177
0045|0035|0028 ~ 0044|0029|0028,0.4587843494094797
0045|0035|0015 ~ 0046|0025|0035,0.8598080536018031
0045|0035|0014 ~ 0046|0028|0023,0.3127207136074394
0045|0035|0015 ~ 0046|0028|0029,0.8823051786911775
0045|0035|0014 ~ 0047|0031|0009,0.4867646479466153
0045|0035|0018 ~ 0047|0031|0018,0.8728413392171659
0045|0035|0014 ~ 0047|0034|0009,0.4183741456477058
0045|0035|0015 ~ 0047|0034|0014,0.8851539679521481
0045|0035|0001 ~ 0047|0035|0031,0.7595653295562654
0045|0035|0016 ~ 0047|0036|0007,0.882861754108607
0045|0035|0029 ~ 0047|0036|0023,0.6084329900178993
0045|0035|0029 ~ 0060|0008|0032,0.4852215284789381
0045|0035|0014 ~ 0062|0005|0009,0.4177982058429582
0045|0035|0014 ~ 0062|0005|0014,0.8783650674919876
0045|0035|0014 ~ 0062|0008|0009,0.39186378003522
0045|0035|0016 ~ 0062|0008|0014,0.8880686058461107
0045|0035|0001 ~ 0062|0009|0032,0.8308008800303072
0045|0035|0017 ~ 0062|0010|0009,0.84796847543517
0045|0035|0020 ~ 0062|0010|0014,0.7957898130555776
0045|0035|0028 ~ 0062|0010|0023,0.5608927798480966
0045|0035|0019 ~ 0063|0005|0009,0.840520950044086
0045|0035|0014 ~ 0063|0007|0023,0.3966636584313794
0045|0035|0016 ~ 0063|0007|0028,0.8880686058461107
0045|0035|0004 ~ 0063|0009|0006,0.7962043815447009
0045|0035|0018 ~ 0063|0009|0020,0.8749766281017177
0045|0035|0028 ~ 0063|0009|0028,0.4587843494094797
0045|0036|0003 ~ 0044|0030|0007,0.7803562309677153
0045|0036|0020 ~ 0044|0030|0023,0.7123871749204508
0045|0036|0029 ~ 0044|0030|0032,0.701890156541997
0045|0036|0008 ~ 0046|0031|0007,0.8847011616665357
0045|0036|0014 ~ 0046|0031|0009,0.4209242824855069
0045|0036|0023 ~ 0046|0031|0023,0.8743414417652072
0045|0036|0029 ~ 0046|0031|0029,0.8656098697665126
0045|0036|0001 ~ 0047|0036|0029,0.7971119709012613
0045|0036|0014 ~ 0047|0037|0008,0.3631865000236555
0045|0036|0028 ~ 0047|0037|0023,0.4919119699333467
0045|0036|0029 ~ 0047|0037|0028,0.4937203225102539
0045|0036|0004 ~ 0060|0009|0000,0.74368428701632
0045|0036|0014 ~ 0060|0009|0009,0.4551842770095856
0045|0036|0028 ~ 0060|0009|0023,0.3151038918786729
0045|0036|0002 ~ 0062|0010|0029,0.7807841616305748
0045|0036|0014 ~ 0062|0011|0008,0.3631865000236555
0045|0036|0028 ~ 0062|0011|0023,0.4724253301475038
0045|0036|0029 ~ 0062|0011|0028,0.4937203225102539
0045|0036|0003 ~ 0063|0010|0007,0.7803562309677153
0045|0036|0020 ~ 0063|0010|0023,0.7123871749204508
0045|0036|0029 ~ 0063|0010|0032,0.701890156541997
0045|0037|0003 ~ 0044|0031|0001,0.6360748571260064
0045|0037|0014 ~ 0044|0031|0009,0.5926712529240361
0045|0037|0023 ~ 0044|0031|0019,0.6525854454591505
0045|0037|0001 ~ 0046|0031|0034,0.5242152717502354
0045|0037|0002 ~ 0047|0037|0034,0.8903016245010491
0045|0037|0014 ~ 0047|0038|0005,0.816764023552782
0045|0037|0023 ~ 0047|0038|0014,0.8221772455935307
0045|0037|0001 ~ 0062|0011|0033,0.8672373192660859
0045|0037|0014 ~ 0062|0012|0005,0.816764023552782
0045|0037|0023 ~ 0062|0012|0014,0.8221772455935307
0045|0037|0003 ~ 0063|0011|0001,0.6360748571260064
0045|0037|0014 ~ 0063|0011|0009,0.5926712529240361
0045|0037|0023 ~ 0063|0011|0019,0.6525854454591505
0045|0056|0006 ~ 0044|0044|0006,0.580855347112618
0045|0056|0015 ~ 0044|0044|0014,0.7703484636204638
0045|0056|0028 ~ 0044|0044|0023,0.4678776099394746
0045|0056|0028 ~ 0044|0044|0028,0.7637662649284205
0046|0001|0006 ~ 0044|0001|0004,0.7092262645117261
0046|0001|0014 ~ 0044|0001|0009,0.5719099598470175
0046|0001|0019 ~ 0044|0001|0014,0.7037873295747725
0046|0001|0019 ~ 0044|0003|0017,0.7248190088781232
0046|0001|0009 ~ 0045|0001|0007,0.7736346777318034
0046|0001|0014 ~ 0045|0001|0009,0.4332507254580078
0046|0001|0016 ~ 0045|0001|0014,0.6644525638547998
0046|0001|0014 ~ 0045|0003|0019,0.5721248424548514
0046|0001|0009 ~ 0047|0001|0009,0.5716322385383208
0046|0002|0000 ~ 0027|0002|0016,0.3787083881375161
0046|0002|0000 ~ 0044|0002|0000,0.4370614964591187
0046|0002|0000 ~ 0045|0002|0000,0.621115120365111
0046|0002|0000 ~ 0047|0002|0000,0.3894540799654994
0046|0003|0028 ~ 0044|0001|0015,0.6462781690918742
0046|0003|0014 ~ 0044|0003|0009,0.5061107223438819
0046|0003|0030 ~ 0044|0003|0022,0.7017829861193574
0046|0003|0017 ~ 0045|0001|0009,0.4016538784336836
0046|0003|0028 ~ 0045|0001|0019,0.5011929104233882
0046|0003|0009 ~ 0045|0003|0008,0.492000109540727
0046|0003|0022 ~ 0045|0003|0021,0.6269803137885768
0046|0003|0028 ~ 0045|0003|0023,0.3962613282822653
0046|0003|0030 ~ 0045|0003|0030,0.7877163545496639
0046|0004|0028 ~ 0027|0002|0020,0.3404735831956101
0046|0004|0002 ~ 0044|0003|0032,0.7166385397188643
0046|0004|0015 ~ 0044|0004|0002,0.3768478744790067
0046|0004|0028 ~ 0044|0004|0008,0.3927486530014338
0046|0004|0000 ~ 0045|0003|0037,0.4672070448659042
0046|0004|0005 ~ 0045|0004|0000,0.80846720196545
0046|0004|0014 ~ 0045|0004|0009,0.4517515570981023
0046|0004|0028 ~ 0045|0004|0017,0.682118304637725
0046|0004|0030 ~ 0045|0026|0017,0.4388160899278079
0046|0004|0029 ~ 0052|0003|0009,0.359354000269045
0046|0005|0033 ~ 0044|0005|0009,0.4051562471762817
0046|0005|0016 ~ 0045|0005|0004,0.839843972320263
0046|0005|0029 ~ 0045|0005|0021,0.6552511052514628
0046|0005|0016 ~ 0045|0027|0004,0.8966773400768917
0046|0005|0016 ~ 0060|0002|0000,0.7217295966734423
0046|0005|0000 ~ 0061|0001|0019,0.547432314124038
0046|0006|0000 ~ 0044|0005|0017,0.7376240948238824
0046|0006|0000 ~ 0045|0005|0031,0.8318346593229526
0046|0006|0014 ~ 0045|0006|0005,0.4580322283744928
0046|0007|0001 ~ 0044|0008|0023,0.4783250476182729
0046|0007|0023 ~ 0044|0009|0009,0.3642711026032436
0046|0007|0032 ~ 0044|0009|0020,0.5372617935930872
0046|0007|0003 ~ 0045|0008|0029,0.6644525638547998
0046|0007|0014 ~ 0045|0009|0006,0.5858746525455342
0046|0007|0029 ~ 0045|0009|0022,0.5880269720341041
0046|0008|0014 ~ 0044|0010|0001,0.6203024401245739
0046|0008|0029 ~ 0044|0010|0006,0.3745868967865713
0046|0008|0003 ~ 0045|0009|0034,0.8761608717824191
0046|0008|0014 ~ 0045|0010|0001,0.6198549813336537
0046|0008|0029 ~ 0045|0010|0008,0.5566644783932396
0046|0009|0004 ~ 0044|0010|0020,0.7091021225504478
0046|0009|0014 ~ 0044|0010|0023,0.4670230399458365
0046|0009|0022 ~ 0044|0011|0006,0.4527025803423457
0046|0009|0028 ~ 0044|0011|0009,0.4210079420691355
0046|0009|0030 ~ 0044|0011|0014,0.5121368846923093
0046|0009|0000 ~ 0045|0010|0017,0.6577892461331065
0046|0009|0028 ~ 0047|0010|0002,0.4489577890731529
0046|0010|0001 ~ 0044|0011|0020,0.4488270101464392
0046|0013|0030 ~ 0047|0015|0005,0.4962806188414642
0046|0013|0042 ~ 0047|0015|0009,0.3584673926201108
0046|0013|0042 ~ 0047|0015|0014,0.6590229418828029
0046|0020|0000 ~ 0045|0025|0000,0.7580474038140528
0046|0020|0015 ~ 0045|0025|0015,0.8981503502402635
0046|0021|0009 ~ 0027|0002|0015,0.6020314880910181
0046|0021|0014 ~ 0027|0002|0016,0.3654901843657013
0046|0021|0005 ~ 0044|0021|0004,0.8419539711731491
0046|0021|0014 ~ 0045|0004|0019,0.4226953325982052
0046|0021|0005 ~ 0045|0026|0004,0.8474393034008044
0046|0021|0009 ~ 0045|0026|0014,0.4458320587471194
0046|0021|0014 ~ 0045|0026|0009,0.3892173536399689
0046|0021|0014 ~ 0045|0026|0016,0.6634832616570885
0046|0021|0000 ~ 0047|0027|0001,0.7226386130898974
0046|0021|0003 ~ 0061|0001|0004,0.589753806375936
0046|0021|0015 ~ 0061|0001|0009,0.3411234949590642
0046|0021|0000 ~ 0062|0001|0001,0.7226386130898974
0046|0021|0004 ~ 0063|0001|0003,0.8627586293513119
0046|0022|0017 ~ 0025|0003|0006,0.4112407601508994
0046|0022|0028 ~ 0044|0022|0009,0.8336104423443033
0046|0022|0032 ~ 0044|0022|0015,0.8960110606154549
0046|0022|0004 ~ 0045|0005|0003,0.8996480074924822
0046|0022|0001 ~ 0045|0027|0002,0.8420348080712474
0046|0022|0018 ~ 0045|0027|0022,0.899232600475171
0046|0022|0028 ~ 0045|0027|0033,0.8675979125638379
0046|0022|0033 ~ 0047|0028|0007,0.8485806040139229
0046|0022|0014 ~ 0060|0002|0020,0.428534572974226
0046|0022|0029 ~ 0060|0003|0007,0.4657622505958116
0046|0022|0028 ~ 0063|0002|0009,0.8336104423443033
0046|0022|0032 ~ 0063|0002|0015,0.8960110606154549
0046|0023|0017 ~ 0001|0006|0017,0.3768162132416361
0046|0023|0001 ~ 0002|0008|0023,0.7623067286250758
0046|0023|0017 ~ 0002|0009|0018,0.3768162132416361
0046|0023|0001 ~ 0012|0007|0020,0.6804366873393869
0046|0023|0023 ~ 0012|0008|0020,0.5011817619647325
0046|0023|0028 ~ 0012|0008|0023,0.6971403825407689
0046|0023|0031 ~ 0012|0008|0028,0.6543768082152225
0046|0023|0001 ~ 0022|0012|0023,0.7330574947600488
0046|0023|0017 ~ 0022|0013|0004,0.3600263349274649
0046|0023|0028 ~ 0022|0013|0014,0.6373458875714311
0046|0023|0015 ~ 0025|0003|0016,0.693395566222006
0046|0023|0001 ~ 0044|0022|0023,0.6739857287654524
0046|0023|0015 ~ 0044|0023|0001,0.8531833263091443
0046|0023|0028 ~ 0044|0023|0009,0.5150964135937174
0046|0023|0032 ~ 0044|0023|0017,0.8942255541978509
0046|0023|0001 ~ 0045|0028|0007,0.8877018691412331
0046|0023|0017 ~ 0045|0028|0022,0.841354400365363
0046|0023|0028 ~ 0045|0028|0031,0.6985133079568139
0046|0023|0004 ~ 0047|0028|0018,0.8848572554646745
0046|0023|0000 ~ 0047|0029|0000,0.3260707073787307
0046|0023|0022 ~ 0047|0029|0004,0.8979542144404234
0046|0023|0028 ~ 0047|0029|0009,0.7274705090242837
0046|0023|0031 ~ 0047|0029|0014,0.8720290467146479
0046|0023|0005 ~ 0060|0003|0023,0.5803589706847857
0046|0023|0016 ~ 0060|0004|0043,0.3110797281482438
0046|0023|0028 ~ 0060|0004|0009,0.82066080152207
0046|0023|0005 ~ 0062|0002|0020,0.8966773400768917
0046|0023|0023 ~ 0062|0003|0006,0.7876929042470223
0046|0023|0028 ~ 0062|0003|0009,0.7274705090242837
0046|0023|0031 ~ 0062|0003|0014,0.8720290467146479
0046|0023|0001 ~ 0063|0002|0023,0.6739857287654524
0046|0023|0015 ~ 0063|0003|0001,0.8531833263091443
0046|0023|0028 ~ 0063|0003|0009,0.5150964135937174
0046|0023|0032 ~ 0063|0003|0017,0.8942255541978509
0046|0024|0000 ~ 0044|0023|0023,0.6593229369773512
0046|0024|0005 ~ 0044|0023|0030,0.8774232157661442
0046|0024|0002 ~ 0045|0029|0009,0.8858760793628373
0046|0024|0016 ~ 0045|0029|0022,0.8749766281017177
0046|0024|0002 ~ 0047|0029|0023,0.8790904244573362
0046|0024|0002 ~ 0062|0003|0023,0.8790904244573362
0046|0024|0000 ~ 0063|0003|0023,0.6593229369773512
0046|0024|0005 ~ 0063|0003|0030,0.8774232157661442
0046|0025|0001 ~ 0044|0024|0009,0.56584444459076
0046|0025|0016 ~ 0044|0024|0023,0.8720892095953972
0046|0025|0034 ~ 0044|0025|0005,0.8461974195735412
0046|0025|0001 ~ 0045|0030|0005,0.743184225926018
0046|0025|0016 ~ 0045|0030|0020,0.8728438749317711
0046|0025|0033 ~ 0045|0030|0035,0.884076197511597
0046|0025|0018 ~ 0047|0030|0023,0.8293060479770022
0046|0025|0031 ~ 0047|0031|0009,0.6794064256190824
0046|0025|0017 ~ 0062|0004|0023,0.822489830621132
0046|0025|0029 ~ 0062|0005|0008,0.7020722430713021
0046|0025|0001 ~ 0063|0004|0009,0.56584444459076
0046|0025|0016 ~ 0063|0004|0023,0.8720892095953972
0046|0025|0034 ~ 0063|0005|0005,0.8461974195735412
0046|0026|0001 ~ 0044|0025|0014,0.7768557860134779
0046|0026|0014 ~ 0044|0025|0023,0.6071022123892076
0046|0026|0004 ~ 0045|0031|0006,0.8960110606154549
0046|0026|0016 ~ 0045|0031|0019,0.8907171682201394
0046|0026|0001 ~ 0047|0031|0020,0.5419097345761804
0046|0026|0001 ~ 0062|0005|0021,0.448304135154974
0046|0026|0001 ~ 0063|0005|0014,0.7768557860134779
0046|0026|0014 ~ 0063|0005|0023,0.6071022123892076
0046|0027|0028 ~ 0044|0026|0023,0.3313631898906263
0046|0027|0032 ~ 0044|0026|0029,0.8574694719523485
0046|0027|0007 ~ 0045|0032|0006,0.868356811459848
0046|0027|0014 ~ 0045|0032|0009,0.300262887407114
0046|0027|0018 ~ 0045|0032|0017,0.8911593425728828
0046|0027|0028 ~ 0045|0032|0023,0.4003714233927702
0046|0027|0032 ~ 0045|0032|0030,0.8790498044654728
0046|0027|0001 ~ 0060|0006|0023,0.3218572393020381
0046|0027|0028 ~ 0060|0007|0007,0.4575849198367845
0046|0027|0001 ~ 0061|0003|0019,0.6245093750573082
0046|0027|0014 ~ 0061|0003|0035,0.4088123990361
0046|0027|0028 ~ 0063|0006|0023,0.3313631898906263
0046|0027|0032 ~ 0063|0006|0029,0.8574694719523485
0046|0028|0029 ~ 0044|0025|0007,0.8177978265964414
0046|0028|0009 ~ 0044|0027|0008,0.69707435607959
0046|0028|0014 ~ 0044|0027|0009,0.3145435218211451
0046|0028|0022 ~ 0044|0027|0021,0.834521266973539
0046|0028|0028 ~ 0044|0027|0023,0.4620437435765974
0046|0028|0029 ~ 0044|0027|0028,0.8880686058461107
0046|0028|0029 ~ 0044|0029|0017,0.8436112881703339
0046|0028|0029 ~ 0045|0031|0001,0.5245741691369784
0046|0028|0006 ~ 0045|0033|0003,0.8743414417652072
0046|0028|0014 ~ 0045|0033|0009,0.6374080432564627
0046|0028|0023 ~ 0045|0033|0019,0.8128921601118654
0046|0028|0028 ~ 0045|0033|0023,0.8158895889128784
0046|0028|0029 ~ 0045|0033|0028,0.6296944807946044
0046|0028|0029 ~ 0045|0035|0015,0.882861754108607
0046|0028|0028 ~ 0047|0031|0009,0.3492787678782867
0046|0028|0029 ~ 0047|0031|0014,0.8132493528194856
0046|0028|0014 ~ 0047|0033|0023,0.4397970651409603
0046|0028|0028 ~ 0047|0034|0009,0.465400319868595
0046|0028|0028 ~ 0047|0034|0014,0.8794245150375142
0046|0028|0029 ~ 0047|0036|0007,0.882861754108607
0046|0028|0029 ~ 0062|0005|0015,0.8633493061860985
0046|0028|0014 ~ 0062|0007|0023,0.5271588008229684
0046|0028|0028 ~ 0062|0008|0009,0.439592614647072
0046|0028|0029 ~ 0062|0008|0014,0.8880686058461107
0046|0028|0028 ~ 0062|0010|0008,0.8485313218926451
0046|0028|0029 ~ 0062|0010|0014,0.4966067985876582
0046|0028|0029 ~ 0063|0005|0007,0.8177978265964414
0046|0028|0009 ~ 0063|0007|0008,0.69707435607959
0046|0028|0014 ~ 0063|0007|0009,0.3145435218211451
0046|0028|0022 ~ 0063|0007|0021,0.834521266973539
0046|0028|0028 ~ 0063|0007|0023,0.4620437435765974
0046|0028|0029 ~ 0063|0007|0028,0.8880686058461107
0046|0028|0029 ~ 0063|0009|0017,0.8436112881703339
0046|0029|0001 ~ 0047|0034|0023,0.8767668675846485
0046|0029|0017 ~ 0047|0035|0001,0.8872048762845193
0046|0029|0028 ~ 0047|0035|0009,0.4594234424146644
0046|0029|0002 ~ 0062|0008|0023,0.8776333266781384
0046|0029|0018 ~ 0062|0009|0001,0.8474968231198384
0046|0029|0028 ~ 0062|0009|0009,0.4992818446122858
0046|0030|0020 ~ 0044|0025|0008,0.8367482912954117
0046|0030|0015 ~ 0044|0027|0023,0.43216307236266
0046|0030|0017 ~ 0044|0027|0028,0.884617925078158
0046|0030|0006 ~ 0044|0029|0006,0.7962043815447009
0046|0030|0020 ~ 0044|0029|0020,0.8749766281017177
0046|0030|0028 ~ 0044|0029|0028,0.7789081599309988
0046|0030|0014 ~ 0045|0030|0035,0.6702531864898467
0046|0030|0016 ~ 0045|0033|0023,0.7400018104769011
0046|0030|0014 ~ 0047|0031|0009,0.6278849341135275
0046|0030|0021 ~ 0047|0031|0017,0.8966940329339853
0046|0030|0015 ~ 0047|0034|0009,0.4183741456477058
0046|0030|0019 ~ 0047|0034|0015,0.8764423611643729
0046|0030|0002 ~ 0047|0035|0031,0.8628747294739239
0046|0030|0028 ~ 0047|0035|0023,0.326651877546168
0046|0030|0014 ~ 0047|0036|0005,0.8839279786546367
0046|0030|0030 ~ 0047|0036|0023,0.6966863379186454
0046|0030|0014 ~ 0062|0005|0009,0.5537662023325209
0046|0030|0018 ~ 0062|0005|0016,0.8880686058461107
0046|0030|0015 ~ 0062|0008|0009,0.4023128697853319
0046|0030|0017 ~ 0062|0008|0014,0.884617925078158
0046|0030|0001 ~ 0062|0009|0032,0.8909957798105038
0046|0030|0028 ~ 0062|0009|0023,0.3269746891169168
0046|0030|0017 ~ 0062|0010|0008,0.8992448406167848
0046|0030|0030 ~ 0062|0010|0023,0.6548295819614465
0046|0030|0020 ~ 0063|0005|0008,0.8367482912954117
0046|0030|0015 ~ 0063|0007|0023,0.43216307236266
0046|0030|0017 ~ 0063|0007|0028,0.884617925078158
0046|0030|0006 ~ 0063|0009|0006,0.7962043815447009
0046|0030|0020 ~ 0063|0009|0020,0.8749766281017177
0046|0030|0028 ~ 0063|0009|0028,0.7789081599309988
0046|0031|0004 ~ 0044|0030|0008,0.8109091360656031
0046|0031|0020 ~ 0044|0030|0023,0.8148691130388024
0046|0031|0031 ~ 0044|0030|0034,0.7810318032022532
0046|0031|0007 ~ 0045|0036|0008,0.8839279786546367
0046|0031|0014 ~ 0045|0036|0009,0.4162014035738555
0046|0031|0023 ~ 0045|0036|0023,0.8743414417652072
0046|0031|0029 ~ 0045|0036|0029,0.8649854570273712
0046|0031|0001 ~ 0047|0036|0029,0.6209378321701656
0046|0031|0014 ~ 0047|0037|0008,0.4162578715796257
0046|0031|0022 ~ 0047|0037|0018,0.8901732118131125
0046|0031|0028 ~ 0047|0037|0023,0.5975394089646618
0046|0031|0032 ~ 0047|0037|0028,0.8855950193446138
0046|0031|0003 ~ 0060|0009|0000,0.7502372045933146
0046|0031|0014 ~ 0060|0009|0009,0.3371755098858737
0046|0031|0028 ~ 0060|0009|0023,0.304440440416114
0046|0031|0001 ~ 0062|0010|0029,0.6254855955640858
0046|0031|0014 ~ 0062|0011|0008,0.4162578715796257
0046|0031|0028 ~ 0062|0011|0023,0.5781464741619199
0046|0031|0033 ~ 0062|0011|0030,0.8986483549480944
0046|0031|0004 ~ 0063|0010|0008,0.8109091360656031
0046|0031|0020 ~ 0063|0010|0023,0.8148691130388024
0046|0031|0031 ~ 0063|0010|0034,0.7810318032022532
0046|0032|0009 ~ 0044|0031|0009,0.5926712529240361
0046|0032|0014 ~ 0044|0031|0009,0.3495567922165831
0046|0032|0021 ~ 0044|0031|0021,0.7984737721008085
0046|0032|0000 ~ 0047|0037|0034,0.377132522196085
0046|0032|0009 ~ 0047|0038|0005,0.816764023552782
0046|0032|0014 ~ 0047|0038|0009,0.5650778601333613
0046|0032|0021 ~ 0047|0038|0017,0.8661072626070159
0046|0032|0001 ~ 0062|0011|0034,0.4021012914569247
0046|0032|0009 ~ 0062|0012|0005,0.816764023552782
0046|0032|0014 ~ 0062|0012|0009,0.5650778601333613
0046|0032|0021 ~ 0062|0012|0017,0.8661072626070159
0046|0032|0009 ~ 0063|0011|0009,0.5926712529240361
0046|0032|0014 ~ 0063|0011|0009,0.3495567922165831
0046|0032|0021 ~ 0063|0011|0021,0.7984737721008085
0046|0042|0042 ~ 0045|0062|0008,0.3451937566325885
0046|0042|0042 ~ 0045|0062|0034,0.340296150495939
0047|0001|0009 ~ 0044|0001|0006,0.6195392938476657
0047|0001|0014 ~ 0044|0001|0007,0.3536458709878253
0047|0001|0009 ~ 0045|0001|0007,0.557137151344197
0047|0001|0014 ~ 0045|0001|0009,0.3498091290765154
0047|0001|0009 ~ 0046|0001|0009,0.5712530643438758
0047|0002|0003 ~ 0044|0002|0000,0.5161619488799707
0047|0002|0003 ~ 0045|0002|0000,0.4307831994395493
0047|0002|0000 ~ 0046|0002|0000,0.3754752059903239
0047|0003|0028 ~ 0044|0003|0017,0.3376565620987343
0047|0003|0030 ~ 0044|0003|0032,0.5498225960218379
0047|0004|0001 ~ 0062|0001|0002,0.4141775572370786
0047|0004|0007 ~ 0062|0001|0016,0.6417670444923398
0047|0004|0015 ~ 0062|0001|0023,0.4692743736181017
0047|0010|0001 ~ 0044|0011|0009,0.461297660489564
0047|0010|0003 ~ 0044|0011|0014,0.3669809377182071
0047|0010|0002 ~ 0046|0009|0028,0.448674756233981
0047|0015|0000 ~ 0046|0013|0020,0.4414550051593923
0047|0015|0014 ~ 0046|0013|0037,0.4108821017170566
0047|0015|0014 ~ 0046|0013|0042,0.6591859831189353
0047|0015|0028 ~ 0046|0013|0063,0.6554069563830566
0047|0027|0001 ~ 0044|0021|0000,0.7004507499953587
0047|0027|0014 ~ 0044|0021|0009,0.341424355316083
0047|0027|0001 ~ 0045|0026|0000,0.667448336649796
0047|0027|0014 ~ 0045|0026|0007,0.3695613929528702
0047|0027|0001 ~ 0046|0021|0000,0.7226932852321689
0047|0027|0014 ~ 0046|0021|0009,0.3679824943028811
0047|0027|0001 ~ 0063|0001|0000,0.7004507499953587
0047|0027|0014 ~ 0063|0001|0006,0.3420310878995836
0047|0028|0001 ~ 0001|0006|0005,0.3369582032493922
0047|0028|0016 ~ 0002|0008|0023,0.7330574947600488
0047|0028|0001 ~ 0002|0009|0006,0.3271808701737276
0047|0028|0016 ~ 0012|0007|0020,0.6804366873393869
0047|0028|0001 ~ 0012|0008|0000,0.3187200248324143
0047|0028|0016 ~ 0022|0012|0023,0.7390913986440626
0047|0028|0000 ~ 0044|0022|0000,0.3570455857253449
0047|0028|0014 ~ 0044|0022|0021,0.8669933806622263
0047|0028|0001 ~ 0045|0027|0022,0.6464332247553755
0047|0028|0019 ~ 0045|0028|0008,0.8874708471648363
0047|0028|0001 ~ 0046|0022|0017,0.6464332247553755
0047|0028|0018 ~ 0046|0023|0004,0.8839836644191523
0047|0028|0014 ~ 0060|0003|0009,0.323431062840509
0047|0028|0020 ~ 0060|0003|0023,0.5803589706847857
0047|0028|0000 ~ 0063|0002|0000,0.3570455857253449
0047|0028|0014 ~ 0063|0002|0021,0.8669933806622263
0047|0029|0009 ~ 0012|0008|0023,0.6971403825407689
0047|0029|0014 ~ 0012|0008|0028,0.5541293874218145
0047|0029|0000 ~ 0022|0013|0005,0.3407192589506109
0047|0029|0007 ~ 0044|0023|0009,0.8455987220158339
0047|0029|0021 ~ 0044|0023|0023,0.8916009287001836
0047|0029|0028 ~ 0044|0023|0031,0.8645006249848366
0047|0029|0000 ~ 0045|0028|0000,0.4132948309646096
0047|0029|0002 ~ 0045|0028|0023,0.7039848207052138
0047|0029|0022 ~ 0045|0029|0007,0.8907571240134373
0047|0029|0028 ~ 0045|0029|0009,0.5945771681231539
0047|0029|0028 ~ 0045|0029|0014,0.7934300015359512
0047|0029|0000 ~ 0046|0023|0000,0.3291064408387146
0047|0029|0004 ~ 0046|0023|0022,0.8979542144404234
0047|0029|0014 ~ 0046|0023|0031,0.8739602971766067
0047|0029|0028 ~ 0046|0024|0005,0.8884425436440717
0047|0029|0014 ~ 0060|0004|0009,0.3433270406340895
0047|0029|0007 ~ 0063|0003|0009,0.8455987220158339
0047|0029|0021 ~ 0063|0003|0023,0.8916009287001836
0047|0029|0028 ~ 0063|0003|0031,0.8645006249848366
0047|0030|0001 ~ 0044|0024|0000,0.4827078649483184
0047|0030|0028 ~ 0045|0030|0023,0.4453684682923156
0047|0030|0028 ~ 0045|0030|0028,0.3870032501658832
0047|0030|0028 ~ 0046|0025|0022,0.5293193616672739
0047|0030|0001 ~ 0063|0004|0000,0.4827078649483184
0047|0031|0014 ~ 0044|0025|0006,0.8610291728339028
0047|0031|0014 ~ 0044|0027|0028,0.7697660730390186
0047|0031|0017 ~ 0044|0029|0020,0.8749766281017177
0047|0031|0014 ~ 0045|0030|0035,0.4005267534912543
0047|0031|0018 ~ 0045|0031|0001,0.7911544044320035
0047|0031|0014 ~ 0045|0033|0023,0.5822982370745365
0047|0031|0017 ~ 0045|0033|0028,0.7513169266927657
0047|0031|0018 ~ 0045|0035|0018,0.873485390324117
0047|0031|0014 ~ 0046|0025|0035,0.7047767855842572
0047|0031|0014 ~ 0046|0028|0029,0.8132493528194856
0047|0031|0017 ~ 0046|0030|0021,0.8960110606154549
0047|0031|0017 ~ 0062|0008|0017,0.7773773258240791
0047|0031|0014 ~ 0062|0010|0009,0.813762366467089
0047|0031|0019 ~ 0062|0010|0014,0.7987145212900629
0047|0031|0014 ~ 0063|0005|0006,0.8610291728339028
0047|0031|0014 ~ 0063|0007|0028,0.7697660730390186
0047|0031|0017 ~ 0063|0009|0020,0.8749766281017177
0047|0032|0001 ~ 0045|0031|0023,0.6947774935510024
0047|0032|0001 ~ 0045|0031|0028,0.3926748840572202
0047|0032|0001 ~ 0046|0026|0022,0.7786777655685517
0047|0032|0001 ~ 0060|0006|0009,0.339852994322609
0047|0033|0020 ~ 0044|0027|0008,0.5783469454651143
0047|0033|0002 ~ 0045|0032|0031,0.5797052455777573
0047|0033|0022 ~ 0045|0033|0007,0.838777415410071
0047|0033|0001 ~ 0046|0027|0032,0.4055105980173464
0047|0033|0020 ~ 0046|0028|0009,0.7092625431287067
0047|0033|0020 ~ 0063|0007|0008,0.5783469454651143
0047|0034|0014 ~ 0044|0025|0007,0.8177978265964414
0047|0034|0014 ~ 0044|0027|0023,0.3691775739618881
0047|0034|0014 ~ 0044|0027|0028,0.8908367848788901
0047|0034|0029 ~ 0044|0028|0008,0.8821907249971492
0047|0034|0015 ~ 0044|0029|0018,0.8380055871435848
0047|0034|0014 ~ 0045|0033|0023,0.7036370371599044
0047|0034|0016 ~ 0045|0033|0028,0.8700119945751104
0047|0034|0029 ~ 0045|0034|0006,0.8815741981066073
0047|0034|0014 ~ 0045|0035|0015,0.8857294999458325
0047|0034|0014 ~ 0046|0025|0035,0.7508008597775055
0047|0034|0014 ~ 0046|0028|0028,0.8799963217093022
0047|0034|0029 ~ 0046|0029|0008,0.8502517832077836
0047|0034|0015 ~ 0046|0030|0019,0.8769952382014787
0047|0034|0015 ~ 0062|0005|0016,0.8880686058461107
0047|0034|0015 ~ 0062|0010|0009,0.8522662473637781
0047|0034|0016 ~ 0062|0010|0014,0.5872360896880762
0047|0034|0014 ~ 0063|0005|0007,0.8177978265964414
0047|0034|0014 ~ 0063|0007|0023,0.3691775739618881
0047|0034|0014 ~ 0063|0007|0028,0.8908367848788901
0047|0034|0029 ~ 0063|0008|0008,0.8821907249971492
0047|0034|0015 ~ 0063|0009|0018,0.8380055871435848
0047|0035|0007 ~ 0044|0028|0023,0.8985396083419646
0047|0035|0031 ~ 0044|0029|0002,0.6915865355058665
0047|0035|0007 ~ 0045|0034|0021,0.8985396083419646
0047|0035|0028 ~ 0045|0034|0032,0.5168329473251461
0047|0035|0031 ~ 0045|0035|0001,0.7602138504609789
0047|0035|0001 ~ 0046|0029|0017,0.8872048762845193
0047|0035|0028 ~ 0046|0029|0033,0.3391530744079816
0047|0035|0031 ~ 0046|0030|0002,0.8636114564919141
0047|0035|0007 ~ 0063|0008|0023,0.8985396083419646
0047|0035|0031 ~ 0063|0009|0002,0.6915865355058665
0047|0036|0014 ~ 0044|0025|0009,0.4056033436312103
0047|0036|0014 ~ 0044|0025|0014,0.3949480495258677
0047|0036|0014 ~ 0044|0027|0028,0.3099793050113046
0047|0036|0014 ~ 0044|0029|0022,0.6776251224697564
0047|0036|0029 ~ 0044|0030|0004,0.472706344836158
0047|0036|0014 ~ 0045|0031|0001,0.6478609442768417
0047|0036|0014 ~ 0045|0033|0028,0.3847169747334579
0047|0036|0001 ~ 0045|0035|0009,0.7203415297532917
0047|0036|0014 ~ 0045|0035|0022,0.6549810794978439
0047|0036|0029 ~ 0045|0036|0001,0.7961801723414089
0047|0036|0014 ~ 0046|0028|0029,0.3023195808463826
0047|0036|0001 ~ 0046|0030|0009,0.5104077129088578
0047|0036|0005 ~ 0046|0030|0014,0.8839279786546367
0047|0036|0014 ~ 0046|0030|0023,0.6359685345385693
0047|0036|0028 ~ 0046|0030|0031,0.3480996285583248
0047|0036|0029 ~ 0046|0031|0001,0.6202119755792531
0047|0036|0028 ~ 0060|0008|0034,0.342982206584749
0047|0036|0014 ~ 0062|0005|0021,0.6651524151262911
0047|0036|0014 ~ 0062|0008|0017,0.3847169747334579
0047|0036|0014 ~ 0063|0005|0009,0.4056033436312103
0047|0036|0014 ~ 0063|0005|0014,0.3949480495258677
0047|0036|0014 ~ 0063|0007|0028,0.3099793050113046
0047|0036|0014 ~ 0063|0009|0022,0.6776251224697564
0047|0036|0029 ~ 0063|0010|0004,0.472706344836158
0047|0037|0001 ~ 0044|0030|0009,0.5471217141044804
0047|0037|0017 ~ 0044|0030|0023,0.7182509383665651
0047|0037|0028 ~ 0044|0030|0034,0.7429460227218218
0047|0037|0001 ~ 0045|0036|0007,0.7248190088781232
0047|0037|0020 ~ 0045|0036|0023,0.8652375240387734
0047|0037|0028 ~ 0045|0036|0029,0.4933641744697612
0047|0037|0001 ~ 0046|0031|0006,0.7471471808780884
0047|0037|0018 ~ 0046|0031|0022,0.8901732118131125
0047|0037|0028 ~ 0046|0031|0032,0.8855950193446138
0047|0037|0001 ~ 0060|0009|0002,0.4894277902079501
0047|0037|0028 ~ 0061|0005|0028,0.410373608387063
0047|0037|0001 ~ 0063|0010|0009,0.5471217141044804
0047|0037|0017 ~ 0063|0010|0023,0.7182509383665651
0047|0037|0028 ~ 0063|0010|0034,0.7429460227218218
0047|0038|0014 ~ 0044|0031|0009,0.356622115439706
0047|0038|0016 ~ 0044|0031|0021,0.8233044597215138
0047|0038|0001 ~ 0045|0037|0009,0.7295464915231464
0047|0038|0014 ~ 0045|0037|0023,0.8221772455935307
0047|0038|0005 ~ 0046|0032|0009,0.8160906261555455
0047|0038|0014 ~ 0046|0032|0009,0.5282479934461
0047|0038|0017 ~ 0046|0032|0021,0.866188698312342
0047|0038|0014 ~ 0063|0011|0009,0.356622115439706
0047|0038|0016 ~ 0063|0011|0021,0.8233044597215138
0048|0001|0016 ~ 0049|0003|0000,0.4834415513008198
0048|0001|0028 ~ 0050|0003|0000,0.3337036748826701
0048|0001|0028 ~ 0050|0003|0014,0.3267949175327448
0048|0002|0001 ~ 0052|0001|0020,0.5186011471360957
0048|0003|0014 ~ 0029|0002|0015,0.369546799430538
0048|0003|0014 ~ 0050|0003|0016,0.3328978398374429
0048|0005|0019 ~ 0050|0003|0009,0.4455033312902768
0048|0007|0014 ~ 0049|0008|0023,0.3282441544879053
0048|0007|0017 ~ 0049|0008|0030,0.7524815718954693
0048|0019|0037 ~ 0049|0023|0017,0.4357843226141518
0048|0019|0042 ~ 0049|0023|0023,0.7010615979282331
0048|0019|0001 ~ 0049|0028|0023,0.4656334880525637
0048|0019|0008 ~ 0049|0028|0035,0.897077374680109
0049|0001|0028 ~ 0048|0005|0020,0.3373118065276936
0049|0001|0028 ~ 0050|0003|0000,0.3337036748826701
0049|0001|0028 ~ 0050|0003|0014,0.3267949175327448
0049|0002|0001 ~ 0052|0001|0020,0.5186011471360957
0049|0003|0000 ~ 0048|0001|0016,0.4834415513008198
0049|0003|0014 ~ 0048|0001|0016,0.316692631304804
0049|0003|0000 ~ 0050|0001|0016,0.4834415513008198
0049|0003|0014 ~ 0050|0001|0016,0.316692631304804
0049|0005|0030 ~ 0048|0001|0018,0.468271922002163
0049|0005|0030 ~ 0050|0001|0018,0.468271922002163
0049|0008|0030 ~ 0048|0007|0017,0.7531024822646644
0049|0010|0003 ~ 0044|0017|0003,0.7911403980746479
0049|0010|0014 ~ 0044|0017|0009,0.3264766904943941
0049|0010|0014 ~ 0044|0017|0014,0.5890726739249121
0049|0023|0016 ~ 0048|0019|0037,0.4352598446478626
0049|0028|0030 ~ 0048|0019|0004,0.8913040936024711
0050|0001|0028 ~ 0048|0005|0020,0.3373118065276936
0050|0001|0016 ~ 0049|0003|0000,0.4834415513008198
0050|0002|0001 ~ 0052|0001|0020,0.5186011471360957
0050|0003|0000 ~ 0048|0001|0028,0.3337036748826701
0050|0003|0014 ~ 0048|0001|0028,0.3263884299153843
0050|0003|0009 ~ 0048|0005|0019,0.4458320587471194
0050|0003|0014 ~ 0048|0005|0016,0.4171940065307832
0050|0003|0000 ~ 0049|0001|0028,0.3337036748826701
0050|0003|0014 ~ 0049|0001|0028,0.3263884299153843
0050|0004|0015 ~ 0048|0005|0016,0.3349051748028376
0050|0005|0002 ~ 0048|0005|0016,0.4205976472124301
0051|0001|0023 ~ 0045|0004|0008,0.3494785277747463
0051|0001|0030 ~ 0045|0004|0004,0.3941248451797051
0051|0001|0029 ~ 0045|0004|0015,0.5899060028297299
0051|0003|0042 ~ 0039|0026|0023,0.6356534860913239
0051|0003|0043 ~ 0039|0026|0028,0.3755185079429708
0052|0003|0001 ~ 0044|0003|0023,0.3293783080966861
0052|0003|0006 ~ 0044|0003|0034,0.3495567922165831
0052|0003|0009 ~ 0046|0004|0004,0.4398269705983801
0054|0001|0000 ~ 0043|0001|0002,0.5231023075386965
0055|0001|0000 ~ 0032|0001|0000,0.3162828956428177
0055|0006|0000 ~ 0003|0002|0018,0.5544968831813208
0055|0006|0000 ~ 0020|0004|0009,0.4742289209232444
0055|0006|0000 ~ 0020|0004|0014,0.3281148587220703
0056|0001|0002 ~ 0059|0001|0002,0.7509340854439939
0056|0004|0014 ~ 0044|0007|0014,0.3859997601419964
0056|0004|0014 ~ 0045|0007|0032,0.3128076343943831
0056|0008|0001 ~ 0059|0006|0009,0.8076608287085566
0056|0008|0005 ~ 0059|0006|0014,0.4126463548407948
0058|0002|0016 ~ 0041|0005|0000,0.6667346585500301
0058|0004|0017 ~ 0041|0004|0030,0.3834899076322065
0058|0004|0046 ~ 0041|0005|0000,0.4597044410376621
0058|0004|0030 ~ 0041|0006|0009,0.3632098762043549
0058|0004|0028 ~ 0041|0006|0015,0.362595943638445
0058|0004|0015 ~ 0041|0008|0007,0.3530697902914411
0058|0004|0017 ~ 0041|0008|0020,0.397627440799674
0058|0004|0042 ~ 0041|0008|0030,0.5231569955235984
0058|0006|0014 ~ 0041|0005|0015,0.3525584315567832
0058|0006|0014 ~ 0041|0007|0003,0.3146587198370651
0058|0006|0014 ~ 0041|0008|0002,0.3369243378597982
0059|0001|0002 ~ 0056|0001|0002,0.7502372045933146
0059|0006|0000 ~ 0056|0007|0034,0.5954732676365251
0059|0006|0014 ~ 0056|0008|0005,0.4126463548407948
0060|0002|0000 ~ 0045|0005|0003,0.7217295966734423
0060|0002|0000 ~ 0045|0027|0004,0.7223251320421035
0060|0002|0014 ~ 0045|0027|0015,0.4566119563065584
0060|0002|0000 ~ 0046|0005|0016,0.7223251320421035
0060|0002|0000 ~ 0046|0022|0004,0.7223251320421035
0060|0002|0015 ~ 0046|0022|0009,0.3330276975539534
0060|0002|0014 ~ 0061|0001|0037,0.34164428388597
0060|0003|0018 ~ 0002|0008|0023,0.6520625157353307
0060|0003|0018 ~ 0012|0007|0020,0.6520625157353307
0060|0003|0014 ~ 0022|0012|0020,0.6596924585662963
0060|0003|0000 ~ 0044|0022|0001,0.3755503530843049
0060|0003|0014 ~ 0044|0022|0019,0.5742404047232871
0060|0003|0028 ~ 0044|0022|0030,0.4408798736760117
0060|0003|0014 ~ 0045|0028|0003,0.6188353120046706
0060|0003|0028 ~ 0045|0028|0014,0.4353232142240038
0060|0003|0000 ~ 0046|0022|0020,0.4889555415329802
0060|0003|0028 ~ 0046|0023|0007,0.4416688615420024
0060|0003|0014 ~ 0047|0028|0009,0.3951613224331797
0060|0003|0023 ~ 0047|0028|0020,0.5808666180358965
0060|0003|0028 ~ 0047|0028|0023,0.4395998883829535
0060|0003|0014 ~ 0062|0002|0009,0.3770950419978436
0060|0003|0018 ~ 0062|0002|0016,0.5650589666522219
0060|0003|0028 ~ 0062|0002|0023,0.3988238152606946
0060|0003|0000 ~ 0063|0002|0001,0.3755503530843049
0060|0003|0014 ~ 0063|0002|0019,0.5742404047232871
0060|0003|0028 ~ 0063|0002|0030,0.4408798736760117
0060|0005|0014 ~ 0061|0002|0009,0.4284367973992213
0060|0005|0016 ~ 0061|0002|0014,0.7067458659126581
0060|0005|0031 ~ 0061|0002|0028,0.443417365388506
0060|0006|0028 ~ 0044|0026|0009,0.3791839149979825
0060|0006|0028 ~ 0045|0032|0004,0.4951703162524996
0060|0006|0028 ~ 0046|0027|0004,0.4435462954689581
0060|0006|0042 ~ 0061|0002|0034,0.3015502919847088
0060|0006|0014 ~ 0061|0003|0009,0.3452590802604709
0060|0006|0028 ~ 0061|0003|0023,0.4808831927104961
0060|0006|0028 ~ 0063|0006|0009,0.3791839149979825
0060|0007|0004 ~ 0045|0032|0023,0.6637104820137579
0060|0007|0002 ~ 0046|0027|0022,0.3588726738023141
0060|0007|0028 ~ 0047|0033|0023,0.3115419071139875
0060|0007|0028 ~ 0062|0007|0022,0.3485160437130816
0060|0008|0032 ~ 0046|0030|0031,0.5426864370101533
0060|0008|0042 ~ 0061|0002|0034,0.3105616918328506
0060|0008|0003 ~ 0061|0004|0015,0.4937180113273604
0060|0009|0000 ~ 0044|0030|0007,0.7557380600360398
0060|0009|0028 ~ 0044|0030|0034,0.3119849543989112
0060|0009|0000 ~ 0045|0036|0004,0.7443750809884128
0060|0009|0000 ~ 0046|0031|0003,0.7509340854439939
0060|0009|0002 ~ 0047|0037|0001,0.4899296811854957
0060|0009|0000 ~ 0061|0004|0033,0.3874338721164199
0060|0009|0014 ~ 0061|0005|0008,0.3017751062413268
0060|0009|0002 ~ 0062|0011|0001,0.4899296811854957
0060|0009|0000 ~ 0063|0010|0007,0.7557380600360398
0060|0009|0028 ~ 0063|0010|0034,0.3119849543989112
0060|0010|0000 ~ 0061|0005|0037,0.3695395920701168
0060|0010|0001 ~ 0061|0005|0042,0.3617108959136756
0060|0011|0028 ~ 0061|0006|0000,0.3526728024598076
0060|0011|0000 ~ 0061|0007|0000,0.4369407953797224
0060|0011|0028 ~ 0061|0007|0001,0.4771604724939495
0060|0012|0000 ~ 0061|0006|0001,0.5962169244097139
0060|0012|0000 ~ 0061|0007|0003,0.6510409080886439
0060|0012|0001 ~ 0061|0008|0002,0.6623288627634581
0061|0001|0003 ~ 0045|0026|0001,0.5569544418736048
0061|0001|0004 ~ 0046|0021|0003,0.5898052913432139
0061|0001|0019 ~ 0046|0021|0023,0.4972387247521819
0061|0002|0014 ~ 0060|0005|0016,0.706423579376552
0061|0002|0028 ~ 0060|0005|0031,0.4436784034285426
0061|0003|0029 ~ 0045|0032|0009,0.368768569491227
0061|0003|0029 ~ 0046|0027|0009,0.4459651835473799
0061|0003|0017 ~ 0060|0006|0022,0.3285998292127088
0061|0004|0015 ~ 0060|0008|0003,0.4937180113273604
0061|0004|0028 ~ 0060|0008|0022,0.4149416647285491
0061|0005|0014 ~ 0044|0030|0023,0.3185423957440645
0061|0005|0018 ~ 0044|0030|0028,0.4976396096006754
0061|0005|0028 ~ 0044|0030|0034,0.3849057706503138
0061|0005|0018 ~ 0045|0036|0023,0.4911988478649956
0061|0005|0028 ~ 0045|0036|0029,0.3037369646289893
0061|0005|0018 ~ 0046|0031|0023,0.4320826385059305
0061|0005|0028 ~ 0046|0031|0033,0.4099312858791777
0061|0005|0018 ~ 0047|0037|0020,0.5563234053608748
0061|0005|0028 ~ 0047|0037|0028,0.4091674767948807
0061|0005|0002 ~ 0060|0009|0007,0.3159579052726033
0061|0005|0018 ~ 0060|0009|0020,0.5661420625872926
0061|0005|0032 ~ 0060|0009|0034,0.6118922649373962
0061|0005|0042 ~ 0060|0010|0001,0.3617108959136756
0061|0005|0018 ~ 0062|0011|0021,0.4506098668678073
0061|0005|0028 ~ 0062|0011|0029,0.4099312858791777
0061|0005|0014 ~ 0063|0010|0023,0.3185423957440645
0061|0005|0018 ~ 0063|0010|0028,0.4976396096006754
0061|0005|0028 ~ 0063|0010|0034,0.3849057706503138
0061|0006|0000 ~ 0060|0010|0018,0.4309683464724425
0061|0006|0000 ~ 0060|0011|0028,0.3490252224600653
0061|0006|0001 ~ 0060|0012|0000,0.5933593867329832
0061|0007|0000 ~ 0060|0010|0019,0.5503569257768081
0061|0007|0000 ~ 0060|0011|0000,0.4335287539905158
0061|0007|0001 ~ 0060|0011|0028,0.4773252047206995
0061|0007|0003 ~ 0060|0012|0000,0.6502514814614969
0061|0008|0000 ~ 0060|0010|0017,0.3022020677669558
0061|0008|0002 ~ 0060|0012|0001,0.660090407887827
0062|0001|0001 ~ 0044|0021|0000,0.7004507499953587
0062|0001|0014 ~ 0044|0021|0009,0.350067554020885
0062|0001|0001 ~ 0045|0026|0000,0.667448336649796
0062|0001|0014 ~ 0045|0026|0007,0.3786859077028716
0062|0001|0001 ~ 0046|0021|0000,0.7226932852321689
0062|0001|0014 ~ 0046|0021|0009,0.3775399507343409
0062|0001|0002 ~ 0047|0004|0001,0.4143993555101343
0062|0001|0016 ~ 0047|0004|0007,0.6417670444923398
0062|0001|0023 ~ 0047|0004|0015,0.4689785327583409
0062|0001|0029 ~ 0047|0004|0018,0.5906118547327757
0062|0001|0001 ~ 0063|0001|0000,0.7004507499953587
0062|0001|0014 ~ 0063|0001|0006,0.3504758761431888
0062|0002|0001 ~ 0001|0006|0005,0.3369582032493922
0062|0002|0016 ~ 0002|0008|0023,0.7330574947600488
0062|0002|0001 ~ 0002|0009|0006,0.3271808701737276
0062|0002|0016 ~ 0012|0007|0020,0.6804366873393869
0062|0002|0001 ~ 0012|0008|0000,0.3187200248324143
0062|0002|0016 ~ 0022|0012|0023,0.7390913986440626
0062|0002|0000 ~ 0044|0022|0000,0.3256222916022812
0062|0002|0014 ~ 0044|0022|0021,0.8669933806622263
0062|0002|0001 ~ 0045|0027|0022,0.6464332247553755
0062|0002|0014 ~ 0045|0028|0005,0.8777263284174843
0062|0002|0001 ~ 0046|0022|0017,0.6464332247553755
0062|0002|0020 ~ 0046|0023|0005,0.8975407570101307
0062|0002|0014 ~ 0060|0003|0009,0.323431062840509
0062|0002|0016 ~ 0060|0003|0018,0.5673404063397591
0062|0002|0000 ~ 0063|0002|0000,0.3256222916022812
0062|0002|0014 ~ 0063|0002|0021,0.8669933806622263
0062|0003|0009 ~ 0012|0008|0023,0.6971403825407689
0062|0003|0014 ~ 0012|0008|0028,0.5541293874218145
0062|0003|0005 ~ 0044|0023|0008,0.897077374680109
0062|0003|0021 ~ 0044|0023|0023,0.8916009287001836
0062|0003|0028 ~ 0044|0023|0031,0.8202254198244213
0062|0003|0000 ~ 0045|0028|0000,0.3195385318738486
0062|0003|0001 ~ 0045|0028|0022,0.4204645758033279
0062|0003|0022 ~ 0045|0029|0007,0.8907571240134373
0062|0003|0028 ~ 0045|0029|0009,0.6061219966068333
0062|0003|0028 ~ 0045|0029|0014,0.7451808768755839
0062|0003|0006 ~ 0046|0023|0023,0.7871773473399102
0062|0003|0014 ~ 0046|0023|0031,0.8739602971766067
0062|0003|0028 ~ 0046|0024|0007,0.8258812382030916
0062|0003|0014 ~ 0060|0004|0009,0.3433270406340895
0062|0003|0005 ~ 0063|0003|0008,0.897077374680109
0062|0003|0021 ~ 0063|0003|0023,0.8916009287001836
0062|0003|0028 ~ 0063|0003|0031,0.8202254198244213
0062|0004|0001 ~ 0044|0024|0000,0.5145804200497613
0062|0004|0028 ~ 0044|0024|0023,0.3530593292872168
0062|0004|0028 ~ 0045|0030|0023,0.5808783080909062
0062|0004|0028 ~ 0045|0030|0028,0.4879710808057491
0062|0004|0028 ~ 0046|0025|0022,0.6911767741252598
0062|0004|0001 ~ 0063|0004|0000,0.5145804200497613
0062|0004|0028 ~ 0063|0004|0023,0.3530593292872168
0062|0005|0018 ~ 0044|0025|0009,0.7865984197371234
0062|0005|0015 ~ 0044|0027|0023,0.4022171207760468
0062|0005|0016 ~ 0044|0027|0028,0.8986483549480944
0062|0005|0019 ~ 0044|0029|0022,0.8966376838926321
0062|0005|0014 ~ 0045|0030|0035,0.4817640037389085
0062|0005|0019 ~ 0045|0031|0001,0.8960110606154549
0062|0005|0015 ~ 0045|0033|0023,0.6906681239622661
0062|0005|0018 ~ 0045|0033|0028,0.7513169266927657
0062|0005|0014 ~ 0045|0035|0014,0.8783650674919876
0062|0005|0014 ~ 0046|0025|0035,0.813856591306975
0062|0005|0015 ~ 0046|0028|0023,0.3190545100467259
0062|0005|0015 ~ 0046|0028|0029,0.8627586293513119
0062|0005|0016 ~ 0046|0030|0018,0.8875087479151215
0062|0005|0015 ~ 0047|0034|0009,0.3988066393315403
0062|0005|0016 ~ 0047|0034|0015,0.8875087479151215
0062|0005|0016 ~ 0047|0036|0009,0.884617925078158
0062|0005|0018 ~ 0063|0005|0009,0.7865984197371234
0062|0005|0015 ~ 0063|0007|0023,0.4022171207760468
0062|0005|0016 ~ 0063|0007|0028,0.8986483549480944
0062|0005|0019 ~ 0063|0009|0022,0.8966376838926321
0062|0006|0001 ~ 0045|0031|0022,0.8602302883775147
0062|0006|0001 ~ 0046|0026|0020,0.8910529196381599
0062|0007|0002 ~ 0045|0032|0031,0.5797052455777573
0062|0007|0022 ~ 0045|0033|0007,0.875472216942479
0062|0007|0001 ~ 0046|0027|0032,0.4055105980173464
0062|0007|0021 ~ 0046|0028|0009,0.7689077624526832
0062|0008|0016 ~ 0044|0025|0009,0.7809825009591287
0062|0008|0014 ~ 0044|0027|0023,0.3908878208712733
0062|0008|0030 ~ 0044|0028|0008,0.8821907249971492
0062|0008|0014 ~ 0044|0029|0017,0.79952012970135
0062|0008|0014 ~ 0045|0033|0023,0.6736154672224113
0062|0008|0017 ~ 0045|0033|0028,0.8815741981066073
0062|0008|0029 ~ 0045|0034|0005,0.8765312852626027
0062|0008|0014 ~ 0045|0035|0016,0.8875087479151215
0062|0008|0014 ~ 0046|0028|0023,0.3092382347468533
0062|0008|0014 ~ 0046|0028|0029,0.8875087479151215
0062|0008|0028 ~ 0046|0029|0006,0.8616226677689193
0062|0008|0014 ~ 0046|0030|0017,0.884617925078158
0062|0008|0014 ~ 0047|0031|0009,0.3492787678782867
0062|0008|0017 ~ 0047|0031|0017,0.7779698711819751
0062|0008|0014 ~ 0047|0036|0008,0.8875087479151215
0062|0008|0020 ~ 0047|0036|0014,0.3845533762603957
0062|0008|0016 ~ 0063|0005|0009,0.7809825009591287
0062|0008|0014 ~ 0063|0007|0023,0.3908878208712733
0062|0008|0030 ~ 0063|0008|0008,0.8821907249971492
0062|0008|0014 ~ 0063|0009|0017,0.79952012970135
0062|0009|0002 ~ 0044|0028|0018,0.8875369289645527
0062|0009|0032 ~ 0044|0029|0002,0.7455679521381594
0062|0009|0002 ~ 0045|0034|0016,0.8875369289645527
0062|0009|0028 ~ 0045|0034|0032,0.5689278608435314
0062|0009|0032 ~ 0045|0035|0001,0.8314864155974412
0062|0009|0001 ~ 0046|0029|0018,0.8482204203998676
0062|0009|0028 ~ 0046|0029|0033,0.3916365977262754
0062|0009|0032 ~ 0046|0030|0001,0.8903016245010491
0062|0009|0002 ~ 0063|0008|0018,0.8875369289645527
0062|0009|0032 ~ 0063|0009|0002,0.7455679521381594
0062|0010|0014 ~ 0044|0025|0009,0.6176098382559049
0062|0010|0016 ~ 0044|0025|0014,0.3949480495258677
0062|0010|0014 ~ 0044|0027|0028,0.4883547523667456
0062|0010|0001 ~ 0044|0029|0009,0.4214243418322088
0062|0010|0014 ~ 0044|0029|0022,0.8728413392171659
0062|0010|0029 ~ 0044|0030|0005,0.5550733250281566
0062|0010|0014 ~ 0045|0031|0001,0.8501507344323929
0062|0010|0014 ~ 0045|0033|0028,0.5965104469519065
0062|0010|0003 ~ 0045|0035|0009,0.8507215282771242
0062|0010|0014 ~ 0045|0035|0020,0.7951836950334612
0062|0010|0029 ~ 0045|0035|0029,0.3638146780246911
0062|0010|0029 ~ 0045|0036|0002,0.7799306702885368
0062|0010|0014 ~ 0046|0025|0035,0.4347773475385108
0062|0010|0014 ~ 0046|0028|0029,0.4971957406445143
0062|0010|0001 ~ 0046|0030|0009,0.7273100794914701
0062|0010|0014 ~ 0046|0030|0022,0.7951836950334612
0062|0010|0028 ~ 0046|0030|0031,0.4643592996421305
0062|0010|0029 ~ 0046|0031|0001,0.6248273478269581
0062|0010|0014 ~ 0047|0031|0019,0.7981256013410023
0062|0010|0014 ~ 0047|0034|0016,0.5872360896880762
0062|0010|0028 ~ 0060|0008|0034,0.4903219581106565
0062|0010|0028 ~ 0061|0004|0035,0.5029311140805834
0062|0010|0014 ~ 0063|0005|0009,0.6176098382559049
0062|0010|0016 ~ 0063|0005|0014,0.3949480495258677
0062|0010|0014 ~ 0063|0007|0028,0.4883547523667456
0062|0010|0001 ~ 0063|0009|0009,0.4214243418322088
0062|0010|0014 ~ 0063|0009|0022,0.8728413392171659
0062|0010|0029 ~ 0063|0010|0005,0.5550733250281566
0062|0011|0001 ~ 0044|0030|0009,0.5471217141044804
0062|0011|0017 ~ 0044|0030|0023,0.715838099411644
0062|0011|0028 ~ 0044|0030|0034,0.7168126512422599
0062|0011|0001 ~ 0045|0036|0007,0.7248190088781232
0062|0011|0018 ~ 0045|0036|0022,0.8601391404758658
0062|0011|0028 ~ 0045|0036|0029,0.4933641744697612
0062|0011|0001 ~ 0046|0031|0006,0.7471471808780884
0062|0011|0018 ~ 0046|0031|0021,0.8839836644191523
0062|0011|0030 ~ 0046|0031|0033,0.8992448406167848
0062|0011|0001 ~ 0060|0009|0002,0.4894277902079501
0062|0011|0028 ~ 0061|0005|0028,0.410373608387063
0062|0011|0001 ~ 0063|0010|0009,0.5471217141044804
0062|0011|0017 ~ 0063|0010|0023,0.715838099411644
0062|0011|0028 ~ 0063|0010|0034,0.7168126512422599
0062|0012|0014 ~ 0044|0031|0009,0.356622115439706
0062|0012|0016 ~ 0044|0031|0021,0.8233044597215138
0062|0012|0001 ~ 0045|0037|0009,0.7295464915231464
0062|0012|0014 ~ 0045|0037|0023,0.8221772455935307
0062|0012|0005 ~ 0046|0032|0009,0.8160906261555455
0062|0012|0014 ~ 0046|0032|0009,0.5282479934461
0062|0012|0017 ~ 0046|0032|0021,0.866188698312342
0062|0012|0014 ~ 0063|0011|0009,0.356622115439706
0062|0012|0016 ~ 0063|0011|0021,0.8233044597215138
0063|0001|0000 ~ 0044|0003|0033,0.3446361073481531
0063|0001|0018 ~ 0044|0004|0017,0.8343847669854157
0063|0001|0004 ~ 0045|0026|0004,0.8967329639899628
0063|0001|0003 ~ 0046|0021|0004,0.8627586293513119
0063|0001|0000 ~ 0047|0027|0001,0.7000861045970646
0063|0001|0000 ~ 0062|0001|0001,0.7000861045970646
0063|0002|0017 ~ 0002|0008|0017,0.6256241244618302
0063|0002|0028 ~ 0002|0008|0023,0.3422803488747217
0063|0002|0015 ~ 0012|0007|0009,0.3251690288152011
0063|0002|0017 ~ 0012|0007|0014,0.6478034786746586
0063|0002|0028 ~ 0012|0007|0023,0.391621276147171
0063|0002|0017 ~ 0022|0012|0017,0.6937157954155124
0063|0002|0028 ~ 0022|0012|0028,0.5292031904718659
0063|0002|0001 ~ 0045|0027|0023,0.4012140730950184
0063|0002|0014 ~ 0045|0027|0033,0.43000158954118
0063|0002|0021 ~ 0045|0028|0004,0.8635707684233572
0063|0002|0028 ~ 0045|0028|0009,0.6184180149906355
0063|0002|0030 ~ 0045|0028|0014,0.7703270371110725
0063|0002|0004 ~ 0046|0022|0023,0.7699779198507355
0063|0002|0015 ~ 0046|0022|0032,0.8960110606154549
0063|0002|0029 ~ 0046|0023|0007,0.8802730032659041
0063|0002|0000 ~ 0047|0028|0000,0.3571003131685458
0063|0002|0016 ~ 0047|0028|0009,0.8770424063938883
0063|0002|0029 ~ 0047|0028|0022,0.8812003597820193
0063|0002|0001 ~ 0060|0003|0000,0.3752104500707419
0063|0002|0017 ~ 0060|0003|0009,0.5144893318898853
0063|0002|0028 ~ 0060|0003|0023,0.4657089248291255
0063|0002|0000 ~ 0062|0002|0000,0.3256722025273313
0063|0002|0017 ~ 0062|0002|0009,0.8960110606154549
0063|0002|0030 ~ 0062|0002|0022,0.8866029039778043
0063|0003|0009 ~ 0012|0008|0021,0.5099074050019046
0063|0003|0014 ~ 0012|0008|0023,0.6219692217209452
0063|0003|0016 ~ 0012|0008|0028,0.6252982897216868
0063|0003|0014 ~ 0022|0013|0014,0.5859265518996037
0063|0003|0001 ~ 0045|0028|0021,0.8232490471721702
0063|0003|0014 ~ 0045|0028|0031,0.5732273557291915
0063|0003|0028 ~ 0045|0029|0009,0.8551258852226511
0063|0003|0033 ~ 0045|0029|0014,0.8964173245779284
0063|0003|0001 ~ 0046|0023|0015,0.8557423956196076
0063|0003|0014 ~ 0046|0023|0023,0.3408788675367132
0063|0003|0017 ~ 0046|0023|0032,0.8958039312312598
0063|0003|0030 ~ 0046|0024|0005,0.877762962437394
0063|0003|0009 ~ 0047|0029|0007,0.847992843627286
0063|0003|0014 ~ 0047|0029|0009,0.6007395045177083
0063|0003|0023 ~ 0047|0029|0021,0.8924071440504221
0063|0003|0028 ~ 0047|0029|0023,0.6384039457249076
0063|0003|0031 ~ 0047|0029|0028,0.8648225694103607
0063|0003|0000 ~ 0060|0004|0043,0.3029928206533524
0063|0003|0014 ~ 0060|0004|0009,0.7341505841595204
0063|0003|0008 ~ 0062|0003|0005,0.8996172464584702
0063|0003|0014 ~ 0062|0003|0009,0.6007395045177083
0063|0003|0023 ~ 0062|0003|0021,0.8924071440504221
0063|0003|0028 ~ 0062|0003|0023,0.6384039457249076
0063|0003|0031 ~ 0062|0003|0028,0.8205508068158176
0063|0004|0014 ~ 0045|0030|0009,0.4125140974449309
0063|0004|0016 ~ 0046|0025|0008,0.655824182370633
0063|0004|0001 ~ 0047|0030|0001,0.4879901635464439
0063|0004|0016 ~ 0047|0030|0008,0.4054604488933979
0063|0004|0001 ~ 0062|0004|0001,0.5202115017636314
0063|0004|0014 ~ 0062|0004|0007,0.3396346498512129
0063|0005|0007 ~ 0044|0029|0018,0.8766305224811096
0063|0005|0014 ~ 0044|0029|0023,0.4009795351710138
0063|0005|0003 ~ 0045|0030|0035,0.8204850170328478
0063|0005|0014 ~ 0045|0031|0004,0.6822290479234477
0063|0005|0014 ~ 0045|0035|0021,0.4846362260317345
0063|0005|0005 ~ 0046|0025|0034,0.8456060469269109
0063|0005|0014 ~ 0046|0026|0001,0.7768557860134779
0063|0005|0008 ~ 0046|0030|0020,0.8373657101080125
0063|0005|0014 ~ 0046|0030|0023,0.4846362260317345
0063|0005|0002 ~ 0047|0031|0009,0.7802530877317722
0063|0005|0014 ~ 0047|0031|0020,0.4961706226871723
0063|0005|0007 ~ 0047|0036|0009,0.8238036447452214
0063|0005|0014 ~ 0047|0036|0014,0.393598520916344
0063|0005|0002 ~ 0062|0005|0009,0.5257328184652267
0063|0005|0014 ~ 0062|0005|0021,0.4012689929045071
0063|0005|0007 ~ 0062|0010|0009,0.7699762143111194
0063|0005|0014 ~ 0062|0010|0016,0.392382639046212
0063|0006|0003 ~ 0044|0019|0028,0.3552475138010612
0063|0006|0014 ~ 0045|0032|0009,0.3304338359186556
0063|0006|0029 ~ 0045|0032|0029,0.8968367582748276
0063|0006|0029 ~ 0046|0027|0032,0.858928629301836
0063|0006|0014 ~ 0047|0032|0023,0.3546656158383777
0063|0006|0028 ~ 0060|0007|0009,0.4161019676225841
0063|0006|0014 ~ 0062|0006|0020,0.3479796975746153
0063|0007|0028 ~ 0044|0025|0007,0.7265411127419374
0063|0007|0028 ~ 0044|0029|0017,0.79952012970135
0063|0007|0028 ~ 0045|0031|0001,0.5175205099481786
0063|0007|0005 ~ 0045|0033|0003,0.6516950237924432
0063|0007|0014 ~ 0045|0033|0009,0.3966507029937005
0063|0007|0023 ~ 0045|0033|0021,0.8839279786546367
0063|0007|0028 ~ 0045|0033|0023,0.6736154672224113
0063|0007|0028 ~ 0045|0033|0028,0.569521890452266
0063|0007|0028 ~ 0045|0035|0016,0.8875087479151215
0063|0007|0028 ~ 0046|0025|0035,0.7226182948541423
0063|0007|0008 ~ 0046|0028|0009,0.6981211940691824
0063|0007|0021 ~ 0046|0028|0022,0.834521266973539
0063|0007|0028 ~ 0046|0028|0023,0.3092382347468533
0063|0007|0028 ~ 0046|0028|0029,0.8875087479151215
0063|0007|0028 ~ 0046|0030|0017,0.884617925078158
0063|0007|0028 ~ 0047|0031|0009,0.3492787678782867
0063|0007|0028 ~ 0047|0031|0014,0.7692807956199539
0063|0007|0028 ~ 0047|0034|0009,0.3887108148431004
0063|0007|0028 ~ 0047|0034|0014,0.8902579342581529
0063|0007|0028 ~ 0047|0036|0008,0.8875087479151215
0063|0007|0028 ~ 0047|0036|0014,0.3089201126922763
0063|0007|0028 ~ 0062|0005|0016,0.8986483549480944
0063|0007|0014 ~ 0062|0007|0023,0.3045909963495389
0063|0007|0028 ~ 0062|0008|0009,0.3884730273017683
0063|0007|0028 ~ 0062|0008|0015,0.8733088023851866
0063|0007|0028 ~ 0062|0010|0008,0.7892952430183597
0063|0007|0028 ~ 0062|0010|0014,0.488408325461887
0063|0008|0000 ~ 0047|0034|0022,0.8776333266781384
0063|0008|0019 ~ 0047|0035|0003,0.8907171682201394
0063|0008|0028 ~ 0047|0035|0009,0.4229346692065947
0063|0008|0000 ~ 0062|0008|0023,0.8776333266781384
0063|0008|0018 ~ 0062|0009|0002,0.8866029039778043
0063|0008|0028 ~ 0062|0009|0009,0.4626302597347539
0063|0009|0018 ~ 0044|0025|0007,0.876104619942412
0063|0009|0015 ~ 0044|0027|0023,0.4087145994080179
0063|0009|0017 ~ 0044|0027|0028,0.8000244826856449
0063|0009|0015 ~ 0045|0030|0035,0.5155943028089663
0063|0009|0016 ~ 0045|0033|0023,0.6991791827059437
0063|0009|0006 ~ 0045|0035|0004,0.7964013612525851
0063|0009|0014 ~ 0045|0035|0009,0.3364365188630687
0063|0009|0020 ~ 0045|0035|0018,0.8749766281017177
0063|0009|0028 ~ 0045|0035|0023,0.4897580768139349
0063|0009|0028 ~ 0045|0035|0028,0.4568305581505444
0063|0009|0016 ~ 0046|0025|0034,0.723383922572741
0063|0009|0015 ~ 0046|0028|0023,0.3490430034631892
0063|0009|0017 ~ 0046|0028|0029,0.8436112881703339
0063|0009|0006 ~ 0046|0030|0006,0.7964013612525851
0063|0009|0020 ~ 0046|0030|0020,0.8749766281017177
0063|0009|0028 ~ 0046|0030|0023,0.311277086311832
0063|0009|0028 ~ 0046|0030|0028,0.779027549873868
0063|0009|0014 ~ 0047|0031|0009,0.542261466891909
0063|0009|0020 ~ 0047|0031|0017,0.8749766281017177
0063|0009|0015 ~ 0047|0034|0009,0.382194104418932
0063|0009|0018 ~ 0047|0034|0015,0.8380055871435848
0063|0009|0002 ~ 0047|0035|0031,0.6920968425384648
0063|0009|0016 ~ 0047|0036|0006,0.8461974195735412
0063|0009|0028 ~ 0047|0036|0017,0.3965396467941256
0063|0009|0014 ~ 0062|0005|0009,0.4246881269608786
0063|0009|0022 ~ 0062|0005|0019,0.8960110606154549
0063|0009|0015 ~ 0062|0008|0009,0.3804840207934649
0063|0009|0017 ~ 0062|0008|0014,0.8000244826856449
0063|0009|0002 ~ 0062|0009|0032,0.7461689362635789
0063|0009|0017 ~ 0062|0010|0009,0.8441434547224539
0063|0009|0028 ~ 0062|0010|0019,0.3965396467941256
0063|0010|0007 ~ 0045|0036|0003,0.7803562309677153
0063|0010|0014 ~ 0045|0036|0009,0.5214603075376375
0063|0010|0028 ~ 0045|0036|0023,0.581105015329495
0063|0010|0032 ~ 0045|0036|0029,0.7018131668057968
0063|0010|0008 ~ 0046|0031|0004,0.8109091360656031
0063|0010|0014 ~ 0046|0031|0009,0.5214603075376375
0063|0010|0028 ~ 0046|0031|0023,0.672423937714468
0063|0010|0034 ~ 0046|0031|0031,0.7805137304190031
0063|0010|0004 ~ 0047|0036|0029,0.4732383363309327
0063|0010|0009 ~ 0047|0037|0001,0.5471217141044804
0063|0010|0014 ~ 0047|0037|0004,0.4946031880984442
0063|0010|0028 ~ 0047|0037|0021,0.7589928360675516
0063|0010|0007 ~ 0060|0009|0000,0.7549638711508062
0063|0010|0015 ~ 0060|0009|0006,0.3644141878487233
0063|0010|0029 ~ 0060|0009|0022,0.5037255667587407
0063|0010|0028 ~ 0061|0005|0018,0.4971159042599802
0063|0010|0005 ~ 0062|0010|0029,0.5550733250281566
0063|0010|0014 ~ 0062|0011|0004,0.4905652732976659
0063|0010|0028 ~ 0062|0011|0021,0.7962043815447009
0063|0011|0001 ~ 0045|0037|0003,0.636544203268804
0063|0011|0019 ~ 0045|0037|0023,0.6526516569692588
0063|0011|0009 ~ 0046|0032|0009,0.5919340519684704
0063|0011|0014 ~ 0046|0032|0009,0.4351625059822077
0063|0011|0021 ~ 0046|0032|0021,0.7990204371173256
0063|0011|0001 ~ 0047|0037|0034,0.5749261257049788
0063|0011|0014 ~ 0047|0038|0007,0.3983132879124416
0063|0011|0021 ~ 0047|0038|0016,0.8238238163278309
0063|0011|0001 ~ 0062|0011|0034,0.6021903435236305
0063|0011|0014 ~ 0062|0012|0007,0.3983132879124416
0063|0011|0021 ~ 0062|0012|0016,0.8238238163278309
